ticker,date,feature_version,_computed_at,atr_14,day_of_month,day_of_week,dist_to_flip,gex_concentration,gex_regime_encoded,is_month_end,is_month_start,log_ret_1d,month,net_call_gex,net_gex,net_gex_roc_10d,net_gex_roc_1d,net_gex_roc_3d,net_gex_roc_5d,net_gex_zscore_60d,net_put_gex,options_count,overnight_gap,price_vs_sma_21,price_vs_sma_5,price_vs_sma_50,put_call_ratio,realized_vol_10d,realized_vol_21d,realized_vol_5d,realized_vol_60d,realized_vol_rolling_3d,realized_vol_rolling_5d,realized_vol_t1,realized_vol_t3,relative_volume,ret_10d,ret_1d,ret_21d,ret_3d,ret_5d,sma_10,sma_21,sma_5,sma_50,spot_price,target_any_materialization,target_directional_move,target_gap_move,target_range_expansion,target_return_pct,volume_sma_21,volume_sma_5,gap_abs,gap_large,ret_accel,ret_momentum,sma_10_50_diff,sma_5_21_diff,sma_5_21_cross,vol_ratio_5_21,vol_ratio_5_60,vol_spike
SPY,2024-01-02,v1.0,2026-05-18T01:54:56.147154+00:00,3.8630046428571383,2.0,1.0,0.8704513289414397,-0.8704513289414397,-1.0,0.0,1.0,-0.0056118399820581,1.0,-16376625115.12067,-32490541890.9172,0.0,0.0,0.0,0.0,0.0,-16637868015.87288,7950.0,-0.0066270087246226,0.0125003778710783,-0.0057050647389718,0.0530463037325776,1.0159521817783448,0.0973638279216083,0.0903396351897575,0.0372520727693408,0.1180477270392954,0.0,0.0,0.8586,0.9876,1.4690058780657835,0.0070740416970001,-0.0055961230221646,0.0398036011399104,-0.0081006362478488,-0.002111238743755,461.1328093999999,454.3121672380953,462.6305784,436.81957704,472.87,1.0,1.0,1.0,0.0,-0.8166719559927975,84154666.66666667,89290440.0,0.0066270087246226,0,-0.0025045132256842004,0.03769236239615539,24.313232359999915,8.318411161904692,1,0.4123557568893834,0.31556786858980984,0
SPY,2024-01-03,v1.0,2026-05-18T01:54:56.147170+00:00,3.925190428571426,3.0,2.0,0.8645294086251596,-0.8645294086251596,-1.0,0.0,1.0,-0.0082003212055239,1.0,-14739880144.60129,-32652448731.13293,0.0,-0.004983199134053,0.0,0.0,0.0,-18534339954.20477,7788.0,-0.0046970263940308,0.0030503399368959,-0.0109707064652958,0.0421568811294672,1.2574281318693938,0.1019084004334673,0.0939760931356909,0.0550668897141966,0.1189561524928375,0.0,0.0,0.2624,1.2116,1.2209487214243198,-0.0067378193989504,-0.008166790288948,0.0252464079551256,-0.0165726099669762,-0.0144223642297886,460.8233214999999,454.84715057142864,461.2953246,437.77918398,468.88,0.0,0.0,0.0,0.0,-0.3221058469677356,84840500.0,98930220.0,0.0046970263940308,0,-0.0084058196780282,0.010824043725336999,23.04413751999988,6.448174028571373,1,0.5859669413476979,0.46291750305506235,0
SPY,2024-01-04,v1.0,2026-05-18T01:54:56.147173+00:00,3.735890357142852,4.0,3.0,0.8659715036221453,-0.8659715036221453,-1.0,0.0,0.0,-0.0032262258288669,1.0,-15454925129.097614,-33785170472.30445,0.0,-0.0346902540296008,0.0,0.0,0.0,-18965060080.816647,7778.0,-0.0010452364013987,-0.0014455781198953,-0.0103018990814467,0.0365640108842237,1.2271207995120184,0.1062873718703669,0.0986725260567163,0.0586890219340146,0.1188785895995029,0.4989917968597613,0.0,0.1326,1.3409,0.9862970390394656,-0.0159211314330145,-0.0032210271545194,0.0273370715945648,-0.0168940545935314,-0.0193701127621724,460.0875701,455.4233950952381,459.4987548,438.72355226,467.62,0.0,0.0,0.0,0.0,0.1369628488272648,85402466.66666667,102176600.0,0.0010452364013987,0,-0.013673027439012,0.007966958832392401,21.364017839999974,4.0753597047618655,1,0.5947857861916163,0.4936887053829327,0
SPY,2024-01-10,v1.0,2026-05-18T01:54:56.147176+00:00,3.990876642857143,10.0,2.0,0.8599956333940009,-0.8599956333940009,-1.0,0.0,0.0,0.0056394267108807,1.0,-19273535615.020836,-33733327745.497684,0.0,0.0526902614535896,-0.039010199192812,-0.0331025407394384,0.0,-15088216016.164265,8074.0,0.0005907977373571,0.0111253668791084,0.0095583076944134,0.0462291673993691,0.7828462985486304,0.093079411825711,0.1031827652942401,0.1190935277686451,0.1204560029283653,0.4003907383211222,0.6117095593498602,0.065,0.0,0.7859086688093155,0.0019131545192659,0.0056553582117922,0.0397482452220784,0.0184646987902475,0.016574563135545,460.3503325,458.6933462380953,459.4053404,443.30295163999995,476.67,0.0,0.0,0.0,0.0,-0.0440658049353658,85646847.61904761,75694440.0,0.0005907977373571,0,0.0128093405784553,0.0563228083576234,17.047380860000032,0.7119941619047268,1,1.1541996949494067,0.9886889402480019,0
SPY,2024-01-11,v1.0,2026-05-18T01:54:56.147180+00:00,3.836552,11.0,3.0,0.8689219685029477,-0.8689219685029477,-1.0,0.0,0.0,-0.0004406890507028,1.0,-20028284372.64661,-36627111293.01375,0.0,-0.0857841114682879,-0.1377700244745676,-0.0841179955874128,0.0,-17246082747.92819,8464.0,0.0021613682887864,0.0090257490871707,0.0052504955225283,0.0429090636226123,0.8610863730036618,0.0949167812919106,0.1036745122423934,0.0986972261699856,0.119968907381359,0.3583893274080577,0.6257128614628279,0.0126,0.2813,0.9035244556470544,-0.000335874301566,-0.0004405919615456,0.0352632478829758,0.0036873035956724,0.0194102165437979,460.33475640000006,459.445295047619,461.170758,444.51827026,476.29,0.0,0.0,1.0,0.0,0.0692767922745846,86262966.66666667,74436140.0,0.0021613682887864,0,0.004127895557218,0.054673464426773705,15.816486140000052,1.7254629523809513,1,0.9519911356739049,0.822689979407294,0
SPY,2024-01-16,v1.0,2026-05-18T01:54:56.147182+00:00,3.73853757142857,16.0,1.0,0.8657246378181738,-0.8657246378181738,-1.0,0.0,0.0,-0.0036779696874214,1.0,-18524325702.82511,-37298934082.48842,0.0,-0.085472223487719,-0.1056998101074278,-0.1586392605305643,0.0,-19475001161.766445,8238.0,-0.0029788908667754,0.003913146504062,-0.001576703892593,0.0346288820194302,1.0513203813295264,0.0946020163131455,0.1032127997673556,0.0917180151334883,0.1186388435691207,0.0,0.0,0.5916,1.6063,0.99573604066576,-0.0007993235417203,-0.0036712142415568,0.0135080399826067,-0.0034203235152638,0.000695266599633,460.2968078,460.40849809523814,462.9400634,446.740036,475.01,1.0,1.0,1.0,0.0,-0.5558713915734922,85378952.38095239,70844800.0,0.0029788908667754,0,0.0002508907262930003,0.0142033065822397,13.556771800000035,2.531565304761841,1,0.8886301549218855,0.7730858177928369,0
SPY,2024-01-17,v1.0,2026-05-18T01:54:56.147184+00:00,3.886611785714284,17.0,2.0,0.8678499003695319,-0.8678499003695319,-1.0,0.0,0.0,-0.0055743125230715,1.0,-17079885374.395636,-38830831272.820496,-0.1951426172942883,-0.0410708034429137,-0.060166360436595,-0.0904594085149204,0.0,-22357029200.586697,8058.0,-0.0065484261634898,-0.0018870258595313,-0.0064625180806039,0.0269415568686557,1.3089683396881573,0.0952732489978957,0.0948850202083751,0.0492942124201472,0.1150759543205736,0.0,0.0,0.8386,2.3719,0.8295512349005975,-0.000761825375714,-0.0055588048712319,0.0046498744513352,-0.0085232788020585,-0.0033554299263186,460.2617644999999,460.5098019047619,462.6305664,447.58224548,472.27,1.0,1.0,1.0,0.0,0.8892841262783434,82989328.57142857,71427300.0,0.0065484261634898,0,-0.0029644739308266003,0.0012944445250166001,12.67951901999993,2.12076449523812,1,0.5195151681133808,0.4283623666435289,0
SPY,2024-01-18,v1.0,2026-05-18T01:54:56.147186+00:00,4.095164857142858,18.0,3.0,0.870997896105832,-0.870997896105832,-1.0,0.0,0.0,0.0088536907935232,1.0,-20800186447.84418,-38323236240.31163,-0.1736711251236667,0.0130719589529919,-0.1152814276412939,-0.1360645036102775,0.0,-18247488601.11204,7896.0,0.003642028668612,0.006264122987287,0.002402515517343,0.034115408272783,0.8772752420689616,0.095218490926596,0.0966613517388286,0.0614070281656407,0.1140100023626476,1.0108186105000905,0.0,1.3609,1.8503,1.1393330633714305,0.0164253328894358,0.0088930006406219,0.0152559143952023,-0.0003985119899643,-0.0001467971475195,461.01114499999994,460.8416253809524,462.61694960000005,448.4300207600001,476.17,1.0,1.0,0.0,0.0,1.2466158786123525,80622780.95238096,76336420.0,0.003642028668612,0,-0.0092915126305862,0.0151091172476828,12.581124239999838,1.7753242190476612,1,0.635279982207965,0.5386108368299687,0
SPY,2024-01-19,v1.0,2026-05-18T01:54:56.147188+00:00,4.438576071428575,19.0,4.0,0.8162005210461872,-0.8162005210461872,-1.0,0.0,0.0,0.0123891646155097,1.0,-14978678674.66723,-25127257749.457226,0.2562636980016007,0.3443336154626147,0.3263277257766384,0.313971076003201,0.0,-10490051245.832502,7806.0,0.002434541457041,0.0177378906563607,0.0123090612162153,0.0448074576824806,0.7003322171249896,0.0931662185922997,0.1006617404679695,0.0789452144703604,0.1110788189843914,0.6034437366758674,0.0,0.1575,0.46,1.3426443706787785,0.0324217816696972,0.0124662282379026,0.0221624579070115,0.0157919381362603,0.012763816680211,462.4855743,461.3263810952381,463.8003906,449.37403016,482.62,0.0,0.0,1.0,0.0,0.2114296374603531,82549409.52380952,82915180.0,0.002434541457041,0,0.0033257098983577003,0.0349262745872225,13.111544139999978,2.4740095047619093,1,0.7842622853601252,0.7107134202995032,0
SPY,2024-01-22,v1.0,2026-05-18T01:54:56.147190+00:00,4.373229571428575,22.0,0.0,0.8249289875653483,-0.8249289875653483,-1.0,0.0,0.0,0.0021120518744706,1.0,-16486456142.082075,-28474873875.935863,0.1229538751398442,-0.1332264809736729,0.2666941978173217,0.1713252558025279,0.0,-12412609757.143318,8068.0,0.003275070111598,0.0190082919102916,0.0115752836572446,0.0448313091494714,0.7528973874172893,0.1019262326065495,0.1070210893737047,0.1110732974268427,0.1127148278601852,0.6518772967361267,0.7351536254416488,0.3248,0.9164,0.9082596367618152,0.0331895878879761,0.0021142838270875,0.0181325382992176,0.0236297687475999,0.014202536207258,463.9969879,461.7254027619047,465.1181396,450.3138543800001,483.4,0.0,0.0,0.0,0.0,0.29165373875272,83505747.61904761,86478880.0,0.003275070111598,0,0.0215154849205124,0.0323350745064756,13.683133519999899,3.3927368380952885,1,1.0378635435148,0.985436341261665,0
SPY,2024-01-23,v1.0,2026-05-18T01:54:56.147192+00:00,4.192494357142858,23.0,1.0,0.8325867711198729,-0.8325867711198729,-1.0,0.0,0.0,0.0029121342077224,1.0,-18864422328.96502,-31824726598.69871,0.0114093445309622,-0.1176424077366611,0.1695710038907736,0.1467657888475641,0.0,-13576577591.703611,7892.0,0.0011582330867557,0.0202801708434736,0.0103269890390074,0.0456468026473755,0.7196921991540506,0.1016524506796481,0.1056222445716252,0.1102481126682919,0.1122112251899689,0.1737899018930627,0.5639044218659756,0.0227,0.4743,0.6167373555327538,0.0216181113363927,0.0029163785896142,0.0354502217400086,0.0175658469599771,0.0209083078886299,464.9955047,462.4947043809524,467.0509459999999,451.27491884000005,484.99,0.0,0.0,1.0,0.0,0.1093099038897769,80983095.23809524,79464960.0,0.0011582330867557,0,0.0146494683703629,0.0563585296286385,13.720585859999971,4.556241619047512,1,1.0437962446023135,0.9825051161913199,0
SPY,2024-01-24,v1.0,2026-05-18T01:54:56.147194+00:00,4.152869142857144,24.0,2.0,0.8321540944769988,-0.8321540944769988,-1.0,0.0,0.0,0.001092573574706,1.0,-18071774565.754456,-32044484769.37342,0.1001168720218798,-0.0069052649986848,-0.2752877806598539,0.1747669643167581,0.0,-14301029746.185452,7926.0,0.0060842659887368,0.0200983692814553,0.0059395718125663,0.0443888103430563,0.7913461787690476,0.0837685589703002,0.0917185102348819,0.0979228595478461,0.1067573157414214,0.3181171639506431,0.5417907871125165,0.6126,1.2313,1.0125741378776554,0.0242888255621874,0.001093170650644,0.0268457787592791,0.0061355052324859,0.0277373261427214,466.1156769,463.0828057619047,469.6007874,452.31240542000006,484.85,1.0,1.0,1.0,0.0,0.543892540019363,80749642.85714285,82049180.0,0.0060842659887368,0,0.0050423345818419,0.054583104902000495,13.803271479999921,6.517981638095307,1,1.0676454362442342,0.9172472134139685,0
SPY,2024-01-25,v1.0,2026-05-18T01:54:56.147196+00:00,4.084049214285719,25.0,3.0,0.8323522535084769,-0.8323522535084769,-1.0,0.0,0.0,0.0054242109105787,1.0,-19246171238.13821,-33783815348.110336,-0.0014966683095589,-0.0542786252066466,-0.1864430197410308,0.1184508756968271,0.0,-15141499249.97344,8388.0,0.0045118332994401,0.0241727447304327,0.006596094879766,0.0478506885669702,0.786727867201402,0.0817958598263788,0.087466134526448,0.0696688507579831,0.1024604653419744,0.3960638121986578,0.2898065855014343,0.1148,0.4612,0.8953139987482269,0.0240684061425753,0.0054389485772682,0.0303599834891387,0.0094735109890518,0.0242187585347642,467.2319611,463.74922828571425,471.8469726,453.2700366400001,487.81,0.0,0.0,0.0,0.0,-0.1270413704075462,81005100.0,78182940.0,0.0045118332994401,0,0.0040345624117836,0.0545787420239029,13.961924459999864,8.097744314285762,1,0.7965236279154462,0.6799583012420621,0
SPY,2024-01-26,v1.0,2026-05-18T01:54:56.147198+00:00,3.984640428571436,26.0,4.0,0.829903909167409,-0.829903909167409,-1.0,0.0,0.0,-0.0012711542642634,1.0,-17986495194.067005,-32909897910.91359,0.1014880303380403,0.0258679319725096,-0.0340983702986233,-0.3097289898904498,0.0,-15516767065.149956,8662.0,-0.0009015319459358,0.0216710079188082,0.0032563611104841,0.0443222398585694,0.8626898624623818,0.0815872167199554,0.0885714937719365,0.0644896663207519,0.101466891966909,0.4578456654084799,0.3740850304409415,0.7306,0.7983,0.9344573790743256,0.023218305993126,-0.0012703466899017,0.0247241964672169,0.0052594126278273,0.0103227318558677,468.3083435,464.294233,472.81629639999994,454.2237433000001,487.24,1.0,1.0,0.0,0.0,0.791941076301257,82017223.8095238,71344360.0,0.0009015319459358,0,0.006529759317729001,0.0350469283230846,14.084600199999898,8.522063399999922,1,0.7281085176876626,0.6355734241475478,0
SPY,2024-01-29,v1.0,2026-05-18T01:54:56.147200+00:00,3.805288142857153,29.0,0.0,0.8254620803049424,-0.8254620803049424,-1.0,1.0,0.0,0.0078880940986181,1.0,-17152857338.092815,-29958014145.94736,0.1281629615913001,0.0896959259173916,0.0651116920257119,-0.0520859293872026,0.0,-13366544629.143246,8632.0,0.0006564542837606,0.0282470307515962,0.0079565998078134,0.0505958002242474,0.7792605258518076,0.0824021062816258,0.0884394198095355,0.0348365542114599,0.1001110183220954,0.4994231205434263,0.4255518793284787,0.1528,0.1304,0.7505919795729308,0.0306075509127116,0.0079192870766457,0.0309750711234497,0.0121139372516161,0.0161752846396956,469.7282684,464.97826271428573,474.3383972,455.0870257600002,490.9,0.0,0.0,0.0,0.0,-0.0773505404360118,81699247.61904761,68439940.0,0.0006564542837606,0,0.004194650174970399,0.0471503557631453,14.641242639999803,9.36013448571424,1,0.3939029716324996,0.3479791866624065,0
SPY,2024-01-30,v1.0,2026-05-18T01:54:56.147202+00:00,3.661392500000009,30.0,1.0,0.828496049287613,-0.828496049287613,-1.0,1.0,0.0,-0.0007738452869802,1.0,-16926382680.066183,-30828735788.84371,0.1734687184179458,-0.0290647316826285,0.0874702732304601,0.031296130911482,0.0,-14498059205.714468,8310.0,-0.00144531041122,0.0259995463541378,0.0046908981141269,0.0478548128396296,0.856536182582502,0.0859251620122208,0.0913134478961643,0.0509174700784662,0.1004066886379471,1.053243226103702,0.8363330269695202,1.3672,0.0,0.7253279847414289,0.0336049136991679,-0.0007735459459356,0.0297887189918265,0.0058601987218611,0.0124365780084563,471.2815216,465.63634233333335,475.5120972,455.92449464,490.08,1.0,1.0,1.0,0.0,-1.6317301228381085,80816404.76190476,70174560.0,0.00144531041122,0,0.0066337446677967,0.042225297000282803,15.357026960000042,9.875754866666682,1,0.5576118926124364,0.5071122820407399,0
SPY,2024-01-31,v1.0,2026-05-18T01:54:56.147204+00:00,3.9707345714285793,31.0,2.0,0.8203634395911429,-0.8203634395911429,-1.0,1.0,0.0,-0.0164518303648948,1.0,-14661109572.52205,-34287895526.23736,0.1169930078154919,-0.112205695396872,-0.041871828926786,-0.0700092628422623,0.0,-20163978267.10194,8670.0,-0.0046242090375865,0.0084982317624169,-0.0106864307970429,0.0292421753712057,1.3753378055978385,0.0812083842488791,0.0915587467485801,0.057015414817755,0.0993244356606584,1.3916659956086208,1.0456569552200188,1.4089,1.9136,1.5558092096850291,0.0224227849673434,-0.0163172381108361,0.0159266325225828,-0.0092941217137492,-0.0051711084536789,472.3121642999999,465.987168047619,475.0235412,456.5953924600001,483.39,1.0,1.0,1.0,0.0,1.308813783962888,80993928.57142857,79023780.0,0.0046242090375865,0,0.007023116397086899,0.010755524068903899,15.716771839999808,9.036373152381032,1,0.6227194081972853,0.5740320465774151,0
SPY,2024-02-01,v1.0,2026-05-18T01:54:56.147206+00:00,4.004799714285724,1.0,3.0,0.8191470238762,-0.8191470238762,-1.0,0.0,1.0,0.0130032761458716,2.0,-17671519082.341606,-31901061476.938866,0.1675791345778198,0.0696115644505527,-0.0648590164062778,0.0557294625184121,0.0,-14951571380.691149,8552.0,0.0036241217591162,0.0200187522394781,0.0017816183637404,0.040927904816904,0.8460829717594348,0.1189383418696678,0.1089943889522815,0.1345397320227035,0.1008128015117657,0.0,0.0,0.0,0.6997,1.1561182031182038,0.0266742303469991,0.0130881863790516,0.035015342824756,-0.0042134977105954,0.0023974095297255,473.5491241,466.7541561904762,475.2512756,457.37845032,490.19,1.0,1.0,0.0,0.0,1.0527391659852892,79482876.1904762,82897100.0,0.0036241217591162,0,-0.017301684089647003,0.0374127523544815,16.17067377999996,8.497119409523805,1,1.2343728972862718,1.334549944646684,0
SPY,2024-02-05,v1.0,2026-05-18T01:54:56.147208+00:00,4.283550857142866,5.0,0.0,0.8351518157952175,-0.8351518157952175,-1.0,0.0,0.0,-0.0036476811742137,2.0,-19767242873.66095,-35224169056.41251,-0.4018310078891673,-0.1041691851500273,-0.1425758518829507,-0.070321431921898,0.0,-16065089952.931128,8472.0,-0.0013146993820966,0.0218465746254485,0.0052574452137279,0.0443656202522135,0.8127127316443918,0.1227413714189888,0.1121253537592609,0.169829014613186,0.1037056790961463,0.0,0.0,0.201,1.1652,0.9605094488487524,0.0188229417440921,-0.0036410364669525,0.0540789167294069,0.0200256758612486,0.0026055122028827,475.59481199999993,469.1098036666666,476.85122680000006,458.99466308,492.6499999999999,0.0,0.0,0.0,0.0,0.2903258552431239,78871790.47619048,90301280.0,0.0013146993820966,0,0.0236667123282011,0.0566844289322896,16.600148919999924,7.7414231333334556,1,1.5146351273188992,1.6376055749047316,0
SPY,2024-02-06,v1.0,2026-05-18T01:54:56.147211+00:00,4.089600000000006,6.0,1.0,0.8442365280149726,-0.8442365280149726,-1.0,0.0,0.0,0.0028990981495959,2.0,-20425786044.05619,-35717114239.237656,-0.2543379259502959,-0.0139945155849007,-0.0416828939503344,-0.1922390471288755,0.0,-16192551352.73446,8328.0,0.0019693454903037,0.0221817096322178,0.0069059902705075,0.0455887855432233,0.7927504634489411,0.1261477970031559,0.1123936337460923,0.1682945193195715,0.1043662677865483,0.0,0.0,0.859,0.0,0.7221482862785253,0.0188096603955713,0.0029033045986237,0.0556933818954223,0.0097710494019475,0.0062947966574374,476.4823913,470.3175222857142,477.4526853999999,459.7887579200001,493.74,1.0,1.0,1.0,0.0,0.8340418640430796,77433680.95238096,89761320.0,0.0019693454903037,0,0.0068677448033238,0.0619881785528597,16.693633379999937,7.135163114285717,1,1.497366876900659,1.6125373337906173,0
SPY,2024-02-07,v1.0,2026-05-18T01:54:56.147213+00:00,4.074299500000003,7.0,2.0,0.836748484350489,-0.836748484350489,-1.0,0.0,0.0,0.0083058047804644,2.0,-19471193242.97767,-31564622707.531284,0.0081730125900928,0.1162605552031014,0.0105463189571541,-0.0238701620373896,0.0,-12486919518.929512,8658.0,0.0046762831928543,0.0283258959932537,0.0090431201025313,0.0523208409150399,0.6413022233977853,0.1261450848232793,0.1123265296308008,0.1684867996292304,0.1043429837843914,0.411324997214288,0.0,0.1024,0.5584,0.9136147973279068,0.0261851385660638,0.0083403936735354,0.0495153697184324,0.0075858496264632,0.0315192364095939,477.7193511,471.4065987142857,480.415161,460.6576189999999,497.88,0.0,0.0,0.0,0.0,0.0441678377835716,77227842.85714285,78670400.0,0.0046762831928543,0,-0.0007545440470722005,0.08103460612802629,17.061732100000086,9.008562285714333,1,1.4999732047565904,1.6147399410197318,0
SPY,2024-02-08,v1.0,2026-05-18T01:54:56.147215+00:00,3.7420110714285744,8.0,3.0,0.8439036527247976,-0.8439036527247976,-1.0,0.0,0.0,0.0004415873834795,2.0,-20282878976.29713,-34635790114.72849,-0.0808658764216336,-0.0972977702174286,0.0167038416361707,-0.010146279996243,0.0,-15223278888.299852,8672.0,4.125756233224993e-09,0.0263141866470089,0.0057724441103106,0.0507577423217795,0.7505482286853853,0.1296625346096137,0.106666535960273,0.09440816186749,0.1030379564348934,0.0,0.0,0.0,0.8729,0.6835080953084787,0.0210847615328403,0.0004416848975411,0.0515742297907809,0.0117145747399951,0.0186426579173642,478.7207915000001,472.5392382857143,482.1903074,461.54665768,498.42,1.0,1.0,0.0,0.0,0.5779418847327009,76580804.76190476,70760800.0,4.125756233224993e-09,0,0.011272889842454,0.0702168877081451,17.174133820000065,9.65106911428569,1,0.8850775190813011,0.91624636174418,0
SPY,2024-02-12,v1.0,2026-05-18T01:54:56.147217+00:00,3.8518475714285745,12.0,0.0,0.8360398346703303,-0.8360398346703303,-1.0,0.0,0.0,-0.0004389878507042,2.0,-17810087078.71097,-32508680977.040672,0.0377439421193434,0.0614136166849934,0.0898290170002677,-0.0190469994404747,0.0,-15206620622.881235,8800.0,-5.9795818692717175e-05,0.0268308757017574,0.0049427002835225,0.0520933636128468,0.8538206778931613,0.1288183764307627,0.1060743557817207,0.065922228677119,0.0995347227520101,0.0,0.0,1.3223,0.3216,0.7493544541009239,0.0197651842280355,-0.0004388915096356,0.0517057242643071,0.0057820142702358,0.0171150784793216,481.0078520999999,474.822594,485.1644774,463.42132444,500.69,1.0,1.0,1.0,0.0,-1.3773004910375732,75401300.0,59860080.0,5.9795818692717175e-05,0,0.0062209057798714,0.0688208027436287,17.586527659999945,10.341883400000029,1,0.6214718154692853,0.6623037692919078,0
SPY,2024-02-14,v1.0,2026-05-18T01:54:56.147219+00:00,4.4371735,14.0,2.0,0.8366075537556918,-0.8366075537556918,-1.0,0.0,0.0,0.0090466257335277,2.0,-23433091978.93835,-40235703229.30532,-0.3430697720245351,0.011146050408678,-0.1616799586793756,-0.1265104722571257,0.0,-17586850575.897083,8452.0,0.0054850186107654,0.0178142118270097,-0.0001203415605673,0.0434887639475378,0.7505134444786088,0.1473731597357568,0.1194648175685767,0.1219181135775948,0.0986164796717075,1.2524540004859797,0.0,0.6715,0.0,0.8854847451064295,0.0324925307838018,0.0090876701298407,0.0497757703907078,-0.0052474249476114,0.0009435542642864,482.8452849,476.7245380952381,485.2754088,464.9949542,498.91,1.0,1.0,0.0,0.0,0.6899733237057981,77232047.61904761,70862460.0,0.0054850186107654,0,-0.0143350950774521,0.0507193246549942,17.85033070000003,8.550870704761905,1,1.020535634286249,1.2362852701759917,0
SPY,2024-02-15,v1.0,2026-05-18T01:54:56.147225+00:00,4.510168285714282,15.0,3.0,0.8371801164749981,-0.8371801164749981,-1.0,0.0,0.0,0.0068761066903289,2.0,-24208767940.603897,-38610847053.15757,-0.2524304375507362,0.0403834417131375,-0.1877088178516552,-0.2232316986936474,0.0,-15193487728.557083,8260.0,0.0014441950417195,0.021884529604673,0.0052907374820736,0.0486183859076307,0.6276026836984946,0.1203731734960108,0.1203233703670551,0.1245125190956914,0.099753732756233,0.0,0.0,0.0,1.1648,0.8022129765423817,0.0261856155864652,0.0068998013898976,0.0629276219530098,0.0020559641071657,0.0074049104565508,484.09197680000005,478.1018763333334,485.99364620000006,465.91297422,502.29,0.0,0.0,0.0,0.0,-0.4979980478476524,76891052.38095239,72730340.0,0.0014441950417195,0,-0.0048438372827319005,0.0703325324095606,18.17900258000003,7.891769866666664,1,1.0348156668791804,1.248198971340465,0
SPY,2024-02-20,v1.0,2026-05-18T01:54:56.147227+00:00,4.747909071428568,20.0,1.0,0.8276769576978482,-0.8276769576978482,-1.0,0.0,0.0,-0.0055205708324977,2.0,-16653203968.211143,-34892202816.75696,-0.0176245080441632,0.0963108691006172,0.1424707462261676,-0.0074031139806286,0.0,-18790014630.605824,7786.0,-0.0035834929354431,0.0075499107783874,-0.0028623540949256,0.033825747568384,1.1283122855201666,0.1076549440896899,0.1187730053704474,0.1317304976707843,0.1005060822661865,0.0,0.0,0.1269,0.0,0.9661254377790932,0.0085473839955597,-0.0055053604841465,0.0297037052753996,-0.0036303446987565,-0.0084235251890782,485.0038877999999,479.8328100952381,484.8432982000001,467.6373229600001,496.42,0.0,0.0,0.0,0.0,0.0905870037845214,74251952.38095239,78087920.0,0.0035834929354431,0,0.0018750157853899998,0.021280180086321397,17.366564839999796,5.010488104762032,1,1.1090944964217935,1.3106717682536215,0
SPY,2024-02-21,v1.0,2026-05-18T01:54:56.147229+00:00,4.45455414285714,21.0,2.0,0.8312882164572931,-0.8312882164572931,-1.0,0.0,0.0,0.000905354886416,2.0,-18921767435.310097,-37018161385.16684,-0.1604053179210698,-0.0609293308185429,0.079967332142837,-0.1387161912632197,0.0,-18896078515.861115,8430.0,-0.0026975409039969,0.0071240727491674,-0.0032117059746445,0.0330065879863832,0.998642361526913,0.1100521593386804,0.1158156714228979,0.1351773915471158,0.1012668548940214,0.0,0.0,2.0945,1.8048,0.8071105977386331,0.0065386026057132,0.0009057648438607,0.0284619142990533,-0.0095616956822345,0.0063350120709543,485.31823109999993,480.4704952380952,485.4525328000001,468.43205806,497.02,1.0,1.0,1.0,0.0,2.0695480782767888,73463785.71428572,67326760.0,0.0026975409039969,0,-0.0104674605260952,0.0347969263700076,16.88617303999996,4.9820375619048605,1,1.1671769305014847,1.3348630046815682,0
SPY,2024-02-22,v1.0,2026-05-18T01:54:56.147231+00:00,4.797267642857142,22.0,3.0,0.825900228202831,-0.825900228202831,-1.0,0.0,0.0,0.0204843570875456,2.0,-19008464258.586777,-29886107066.784595,0.1515454340762122,0.1926636562030888,0.225966034217306,0.2655032063817788,0.0,-11063575830.371529,8374.0,0.0136764543030492,0.0257271881128364,0.0137875430341596,0.0522359489501949,0.5820341759263236,0.1095255188321186,0.1157977192426821,0.0945480272004408,0.1011678259240559,0.0,0.0,0.0,0.0926,1.0224674191578405,0.0188717330294593,0.0206956014663742,0.0466939962402181,0.0159957246659319,0.0179112785019634,486.2330565,481.5197186190477,487.1907042,469.3888927600001,507.42,0.0,0.0,1.0,0.0,0.0689655172413837,74723652.38095239,68929700.0,0.0136764543030492,0,-0.004699876800442301,0.0646052747421815,16.844163739999885,5.670985580952333,1,0.8164929296868385,0.9345660736621427,0
SPY,2024-02-26,v1.0,2026-05-18T01:54:56.147233+00:00,4.4441368571428574,26.0,0.0,0.8403709307213517,-0.8403709307213517,-1.0,0.0,0.0,-0.0036692783535623,2.0,-19216458094.27713,-36106348524.85041,-0.0108976969137432,-0.2081315389845132,-0.034797049486092,0.1026291172524438,0.0,-17515102754.632725,8668.0,0.0008860280802421,0.0187121204978937,0.0058202774251177,0.0451399100529261,0.9114636354265988,0.1415672875858341,0.1327211997572924,0.1505236518192123,0.1079758682020896,0.0,0.0,0.1917,0.4012,0.6931155277374416,0.009556938937993,-0.0036625547778153,0.0368008611769109,0.017658496612442,0.0129726044109565,487.6266936,483.3929253333334,489.58869,471.16967524,506.0,0.0,0.0,0.0,0.0,0.1857744224194149,72695961.90476191,63828220.0,0.0008860280802421,0,0.0213210513902573,0.049773465587867396,16.457018360000006,6.195764666666605,1,1.1341341153721793,1.3940488776344058,0
SPY,2024-02-27,v1.0,2026-05-18T01:54:56.147235+00:00,4.453867857142858,27.0,1.0,0.8469620360716791,-0.8469620360716791,-1.0,0.0,0.0,0.0018560850437267,2.0,-20239719939.102905,-37276050901.84221,-0.1809439715858914,-0.0323960307475219,-0.0069665674097662,0.0345704964586163,0.0,-17806697319.71449,9070.0,0.0014032927483989,0.0186982927528276,0.00363099438905,0.0454262175258584,0.8797897092099657,0.1421972058782004,0.1335898703691909,0.1474908071625873,0.1085576408441609,0.0,0.0,0.3235,0.0,0.6844977752952456,0.0118766065888988,0.0018578086357843,0.0400482606356306,-0.0011232439024908,0.0204725830973834,488.2057524,484.2975506190477,491.56820660000005,471.9157409,507.02,0.0,0.0,1.0,0.0,-0.1321681494486449,71372766.66666667,59251780.0,0.0014032927483989,0,-0.0029810525382751004,0.060520843733014,16.29001149999999,7.27065598095237,1,1.1040567350983443,1.3586403723337437,0
SPY,2024-02-28,v1.0,2026-05-18T01:54:56.147237+00:00,4.274523571428574,28.0,2.0,0.8492916797802543,-0.8492916797802543,-1.0,1.0,0.0,-0.0013226436770048,2.0,-18113404923.669662,-36759955643.93494,-0.0613286292060987,0.0138452235529533,-0.2300014706428571,-0.0535292322180642,0.0,-19329573193.899647,8940.0,-0.0031563884728334,0.0158945827468404,-0.0012744721621517,0.0424897771141887,1.067141891618663,0.1420517821275151,0.1331670088664445,0.1338874362891772,0.1084302825765392,0.4317844060793925,0.0,0.5343,1.3299,0.7942631514514711,0.024651821379218,-0.0013217693693649,0.0305126313383829,-0.0031309253853715,0.0182015025697746,489.3911284,484.9922397142858,493.329724,472.6194921200001,505.37,0.0,0.0,1.0,0.0,0.3594990716232752,71143423.8095238,58694420.0,0.0031563884728334,0,-0.0018091560160066,0.0487141339081575,16.77163627999994,8.337484285714197,1,1.0054098787287207,1.234778889807645,0
SPY,2024-02-29,v1.0,2026-05-18T01:54:56.147239+00:00,4.478899357142857,29.0,3.0,0.8565728204418883,-0.8565728204418883,-1.0,1.0,0.0,0.003588575566942,2.0,-21459306973.577305,-38475158189.79147,-0.1835348907870066,-0.0466595379621882,-0.0656064587453565,-0.0393589727340821,0.0,-17525991072.91366,8844.0,0.0035753104607631,0.017874788140701,0.0020866811956945,0.0445705435825012,0.8167081581196116,0.1192997978734351,0.1318053467127742,0.1372331446674616,0.1085392187610476,0.0,0.0,0.0,0.0827,1.1600076165738278,0.0190744549536711,0.0035950222133611,0.035017981102446,0.0041305241303846,0.0011427090712851,490.3166534,485.7888865714287,493.4426026,473.3737353,508.0,1.0,1.0,0.0,0.0,0.9388285309400172,72348490.47619048,60198880.0,0.0035753104607631,0,0.0005355019170235,0.0361606901737311,16.942918099999986,7.653716028571296,1,1.0411803290098098,1.2643644720342035,0
SPY,2024-03-04,v1.0,2026-05-18T01:54:56.147241+00:00,4.535901785714283,4.0,0.0,0.8424665904001938,-0.8424665904001938,-1.0,0.0,0.0,-0.0010729085247923,3.0,-17327848441.141792,-33239518019.27237,0.1830880029970613,0.1360784572916522,0.1082875676181231,-0.1122063487557653,0.0,-16456563333.752035,8866.0,-0.0015987214283754,0.0211591403813864,0.0059220761808196,0.049864721169617,0.9497176403435612,0.1176772315410603,0.117320791178223,0.0708711731264444,0.1083653334283504,0.0,0.0,0.8671,0.4921,0.7323120314928011,0.025605025382456,-0.0010723331642291,0.0472198210825472,0.0119306945413904,0.0124706442370623,492.6163512,488.248338857143,495.64401240000007,474.89856926,512.11,1.0,1.0,1.0,0.0,-0.999414405621696,68002842.85714285,63186000.0,0.0015987214283754,0,0.0130030277056195,0.059690465319609504,17.71778194000001,7.395673542857082,1,0.6040802007376631,0.6540022011124194,0
SPY,2024-03-05,v1.0,2026-05-18T01:54:56.147243+00:00,4.336387857142853,5.0,1.0,0.8335310109056506,-0.8335310109056506,-1.0,0.0,0.0,-0.0100444331590197,3.0,-16580535116.159092,-37611216460.821365,0.0652278090810758,-0.1315211140851763,-0.0231572862908739,-0.0416787628063585,0.0,-21521705924.68756,8836.0,-0.0040210999232631,0.009723872152493,-0.004229021181301,0.0377168595728725,1.2980103340399969,0.1130844587710979,0.1122694110511729,0.0618175803394284,0.1084545106746883,0.0,0.0,0.4531,0.0,1.0915186420706875,0.0209758083114598,-0.0099941563152163,0.025953296313316,-0.0017713531594269,0.0004931295778167,493.6304382,488.8429288571429,495.6926697999999,475.65611992,507.73,1.0,1.0,1.0,0.0,0.5067234512401895,66747004.76190476,67986220.0,0.0040210999232631,0,0.0082228031557894,0.026446425891132698,17.974318280000034,6.849740942857011,1,0.5506181448219251,0.569986202095269,0
SPY,2024-03-06,v1.0,2026-05-18T01:54:56.147246+00:00,4.329437999999994,6.0,2.0,0.8320096331970562,-0.8320096331970562,-1.0,0.0,0.0,0.0050545429213422,3.0,-18759485380.36811,-36220868520.05544,0.0618991479210937,0.0369663114250562,0.0585907836587961,0.0283072470462427,0.0,-18206205846.53193,8644.0,0.0066446638713664,0.0131883705350035,-0.0005528031496041,0.0413964350781776,0.970506678481959,0.1228308015115356,0.1155007171606229,0.1013829553401478,0.110522895746447,0.9244120365580132,0.0,0.9139,0.2824,1.0299201240697564,0.0252208295247638,0.0050673386732226,0.0349203317971085,-0.0060444570840743,0.006893848552839,494.8508575,489.64004071428576,496.3719910000001,476.3772741000001,509.97,1.0,1.0,1.0,0.0,0.992643452672868,66395828.571428575,70361380.0,0.0066446638713664,0,-0.0111117957572969,0.0418141803499475,18.47358339999994,6.731950285714333,1,0.8777689788840722,0.9173026591676177,0
SPY,2024-03-07,v1.0,2026-05-18T01:54:56.147248+00:00,4.503919857142852,7.0,3.0,0.8360631562075838,-0.8360631562075838,-1.0,0.0,0.0,0.0098774685529839,3.0,-18809701858.60836,-33134024424.07073,0.0503888620021968,0.0852228072409565,0.0031737402191113,0.0986380738591139,0.0,-14808075677.252275,8560.0,0.0066503305665088,0.0212323098839708,0.0067113388137134,0.0499679705511542,0.787257330741544,0.1234223610186474,0.1148443850529686,0.1049030621029085,0.1100900450785453,0.0,0.0,0.0,0.4412,0.8816418272298713,0.014403894886736,0.0099264117577509,0.0421676470248508,0.0048995420094234,0.0132460494346032,495.5622772,490.60537857142856,497.6819518,477.1784264399999,514.61,1.0,1.0,0.0,0.0,-0.6002214409199352,66525995.23809524,65306840.0,0.0066503305665088,0,-0.0050268697483275,0.055413696459454,18.383850760000087,7.076573228571419,1,0.9134364986164546,0.9528840913746836,0
SPY,2024-03-11,v1.0,2026-05-18T01:54:56.147249+00:00,4.593594571428566,11.0,0.0,0.8183067390578165,-0.8183067390578165,-1.0,0.0,0.0,-0.0008602921251642,3.0,-17993606553.09307,-34121193266.6864,0.0782580228212321,-0.0297932068251427,0.0927920849826922,0.1131630155132228,0.0,-16801970219.216446,8586.0,-0.0024232531291357,0.0116896130001922,0.0006497344109852,0.0397638886945896,0.9337744587022891,0.0971448856359423,0.1188428444017691,0.1145663113796682,0.1122796712117144,0.0,0.0,1.0736,0.6532,0.9230385273554518,0.0104548056293077,-0.0008599221799884,0.0260072935415362,0.0030013912887442,-0.0019910094373882,496.4537506,491.8371915714286,497.26348880000006,478.5572796,511.38,1.0,1.0,1.0,0.0,1.0757314974182446,67773119.04761904,69795960.0,0.0024232531291357,0,0.0038613134687326,0.024016284104147998,17.896470999999963,5.426297228571457,1,0.9640151438331893,1.0203654850394717,0
SPY,2024-03-12,v1.0,2026-05-18T01:54:56.147251+00:00,4.781983285714277,12.0,1.0,0.8386503541125958,-0.8386503541125958,-1.0,0.0,0.0,0.0107000425602735,3.0,-22538459858.271908,-35538404428.991486,-0.1891279232044527,-0.041534630727254,0.0188417373450357,-0.0691612438058282,0.0,-13510559862.87547,8628.0,0.0042443930229967,0.0210738782911179,0.0076277921321101,0.0492382715379502,0.5994446802414016,0.0948110596898821,0.119035003511791,0.1145151610941775,0.1122549503320784,0.0,0.0,0.1412,1.3351,1.0719310401882751,0.0194308584118966,0.0107574927392837,0.0310855042874639,0.0038267735849653,0.0189283946828012,497.4123780000001,492.5592287619048,499.13208619999995,479.33760676,516.89,0.0,0.0,0.0,0.0,-0.1567398119122151,68208119.04761904,69847720.0,0.0042443930229967,0,-0.0069307191543184,0.0500138989702651,18.074771240000075,6.572857438095127,1,0.9620292190989185,1.020134529070367,0
SPY,2024-03-13,v1.0,2026-05-18T01:54:56.147253+00:00,4.1924872857142725,13.0,2.0,0.8464087668070159,-0.8464087668070159,-1.0,0.0,0.0,-0.0015686771401803,3.0,-22336904450.529663,-37794870349.22486,-0.0467652336323158,-0.0634937318230471,-0.1406664601166947,-0.004882955290606,0.0,-16104740505.963013,8630.0,0.0006385501399669,0.0180375865493989,0.0036140376080826,0.0458668403030133,0.7209924965937314,0.1054836519135283,0.1224169396119875,0.101463805619736,0.1110670043453925,0.7430410419351008,0.0,0.2751,0.6084,0.8086712090793093,0.0191800751591346,-0.0015674474092962,0.0299213557236251,0.0083053731218992,0.0122021071277315,498.3573822,493.2539207142857,500.3427734,480.12902948,516.11,0.0,0.0,0.0,0.0,-0.1976859119716227,68141538.09523809,67192060.0,0.0006385501399669,0,0.009872820531195401,0.0421234628513566,18.228352720000032,7.088852685714301,1,0.8288378851240409,0.9135368067445051,0
SPY,2024-03-14,v1.0,2026-05-18T01:54:56.147255+00:00,4.350982571428558,14.0,3.0,0.8529217968568432,-0.8529217968568432,-1.0,0.0,0.0,-0.0019789237441501,3.0,-21275570775.861786,-38163910800.1417,-0.0238185075086806,-0.009764299956764,-0.1184811299492956,-0.0536442763378354,0.0,-17491276138.920166,8704.0,0.0019379070039188,0.0140365930662926,0.0015753849533792,0.0420123190503729,0.8221295834170947,0.1056808304616186,0.122686253570147,0.1057964138678574,0.1112065387258163,0.4180568023606364,0.0,0.9229,0.2215,1.620122588582474,0.0135215573063694,-0.0019769669655422,0.0422401643911729,0.007178081479521,0.0002719061889458,499.0259857,494.2211143333333,500.3700196000001,480.9523705600001,514.6700000000001,1.0,1.0,1.0,0.0,-0.994271288474621,68002138.09523809,77496000.0,0.0019379070039188,0,0.0091550484450632,0.0425120705801187,18.0736151399999,6.148905266666816,1,0.8623330011787941,0.9513505731456717,0
SPY,2024-03-15,v1.0,2026-05-18T01:54:56.147257+00:00,4.515123642857129,15.0,4.0,0.8178275659306116,-0.8178275659306116,-1.0,0.0,0.0,-0.0068902222000119,3.0,-12632644971.215015,-29291614807.390305,0.2031651210051675,0.232478690122042,0.1757757480103744,0.1159656782859448,0.0,-17212294317.71129,8614.0,-0.0061263018703501,0.0058622084486565,-0.0051835725373498,0.0330752313519782,1.3625249784927502,0.1067594962783251,0.1109475308396793,0.0891906912764505,0.1112485622383951,0.7612401876762245,0.7796564737113394,0.5942,2.1552,1.5406304517525142,-0.0027997565312026,-0.0068665390443154,0.0257617967680068,-0.010383538045686,-0.0005978938394349,498.8862458,494.81635538095225,500.3104676,481.78202022,509.94,1.0,1.0,1.0,0.0,0.5943157523095992,69871590.47619048,81718760.0,0.0061263018703501,0,-0.0035169990013705996,0.025163902928571902,17.10422557999999,5.494112219047736,1,0.8038996682705412,0.8017243680694017,0
SPY,2024-03-18,v1.0,2026-05-18T01:54:56.147258+00:00,4.741571285714278,18.0,0.0,0.823095041703282,-0.823095041703282,-1.0,0.0,0.0,0.0059254987949194,3.0,-14975941935.766304,-29900010671.658936,0.2228749125821076,-0.0207703080990649,0.20888706865819,0.1237114588002623,0.0,-15650882208.39214,8260.0,0.0081791568523894,0.0106622824218511,-0.0005052876226612,0.0372380785093251,1.0450683019152145,0.1040592254052965,0.1118273847608302,0.0922939912639363,0.112226900093853,0.8654982630446658,0.6332871584044638,0.5575,1.8208,1.2490747324698328,0.004203534309111,0.0059430892898928,0.0247871628259443,-0.0029393188679921,0.0062069017464535,499.09582530000006,495.3930286190474,500.9281618,482.7002203,513.29,1.0,1.0,0.0,0.0,0.5557072105447924,71167319.04761904,86985980.0,0.0081791568523894,0,-0.008882408157884901,0.0309940645723978,16.395605000000046,5.5351331809525846,1,0.8253254174554384,0.8223873506519317,0
SPY,2024-03-19,v1.0,2026-05-18T01:54:56.147260+00:00,4.944911357142847,19.0,1.0,0.83377111543319,-0.83377111543319,-1.0,0.0,0.0,0.0055417494272799,3.0,-16362192722.10769,-31609933934.6659,0.049025502826534,-0.0571880485858065,0.1717323179953419,0.1105415551836317,0.0,-16201139348.455574,8084.0,-0.0013843270228551,0.0145889756293058,0.0048412184218513,0.040928939794758,0.9901569810118108,0.1079795914733666,0.1112944263436206,0.0993386379502977,0.112203038223391,0.239064349774979,0.7731766369982996,0.9887,0.0,0.8622221894836519,0.0199778452586892,0.0055571333254115,0.0356395728832701,0.0045875166049081,0.0010299551777773,500.08192450000007,496.21805390476186,501.0317628,483.66161007999995,515.85,1.0,1.0,0.0,0.0,0.924938434391418,70463623.8095238,84514160.0,0.0013843270228551,0,-0.0009696167205034004,0.036669528061047396,16.420314420000125,4.813708895238165,1,0.8925750577826776,0.8853470518244667,0
SPY,2024-03-20,v1.0,2026-05-18T01:54:56.147262+00:00,5.026050428571422,20.0,2.0,0.8313146490799764,-0.8313146490799764,-1.0,0.0,0.0,0.0092070642210611,3.0,-17198388536.14985,-29174521111.255363,0.2243132805436987,0.0770458055510098,0.0039975159070232,0.2280825190910145,0.0,-12531946858.175524,8196.0,0.0001166136476457,0.021556148180521,0.0117273322243656,0.0485528221843183,0.7286698304224387,0.0946011088909801,0.1099895145019709,0.0775945647613065,0.1079601382881852,0.3641049848601364,0.728666941750482,0.2649,0.1977,0.9890988999684622,0.0242221311312746,0.0092495796173343,0.0510049647691982,0.0208895064784918,0.0118751224868041,501.28357859999994,497.3922744285713,502.22438380000006,484.58611264,520.93,0.0,0.0,1.0,0.0,0.3304641869044011,70361619.04761904,87412260.0,0.0001166136476457,0,0.0116399268611575,0.0628800872560023,16.69746595999993,4.832109371428771,1,0.7054723175925366,0.7187334029421503,0
SPY,2024-03-21,v1.0,2026-05-18T01:54:56.147265+00:00,4.916994142857139,21.0,3.0,0.8383352351013578,-0.8383352351013578,-1.0,0.0,0.0,0.0032990184727755,3.0,-19292700532.34487,-31820076454.16373,0.1214988001586709,-0.0906803348311937,-0.0642162239869951,0.166226002864319,0.0,-12991986345.870895,8210.0,0.0055908226099814,0.0223967336917256,0.0115920329812972,0.049911567881917,0.673414606943667,0.0999215319891044,0.1097079773887735,0.0936761324735464,0.107891518696178,0.0,0.0,0.0,0.605,0.8558198004851623,0.0175064505742006,0.0033044662233133,0.0535237304186264,0.0182116784493488,0.0172298594798276,502.1606904,498.6255972857142,503.9513611999999,485.55821042,522.35,0.0,0.0,0.0,0.0,-0.1895825354270411,70407461.90476191,77429120.0,0.0055908226099814,0,0.014907212226035499,0.07075358989845401,16.60247998,5.325763914285687,1,0.853867933440299,0.868243629556292,0
SPY,2024-03-25,v1.0,2026-05-18T01:54:56.147267+00:00,4.476280142857141,25.0,0.0,0.84056960791103,-0.84056960791103,-1.0,0.0,0.0,-0.0027668156248537,3.0,-17500134356.840057,-34494528864.801056,-0.0410606457977367,-0.0840492138505646,-0.0912559620054025,-0.1776246919680935,0.0,-17907011162.335854,8402.0,-0.0027054945412932,0.0149162741576174,-0.0002001743918876,0.0412148959164877,1.0232499246691078,0.0851960550633783,0.0898476793895362,0.0583735178559435,0.1080525648679276,0.0,0.0,0.1443,0.0,0.6937779114668718,0.0197639776368726,-0.0027629915181818,0.0266514222956258,-0.0013643942391714,0.0134734475254427,504.2253114,499.96327866666667,507.522461,487.3353906000001,519.89,0.0,0.0,0.0,0.0,-0.1846970775535402,69924538.09523809,63637780.0,0.0027054945412932,0,0.0013985972790103998,0.0401248698210685,16.889920799999913,7.559182333333354,1,0.6496941463109209,0.5402325481580917,0
SPY,2024-03-26,v1.0,2026-05-18T01:54:56.147268+00:00,4.358090714285717,26.0,1.0,0.8449936863548212,-0.8449936863548212,-1.0,0.0,0.0,-0.0018486854117286,3.0,-18094882370.463333,-36700496772.937935,-0.0755924180638135,-0.063951240406356,-0.2579639827842484,-0.2274409255554185,0.0,-19588506787.861885,8538.0,0.0028088951201747,0.0116883509908818,-0.0032355038471073,0.0374792484546337,1.0825440247037266,0.0873489959970797,0.0909367013815398,0.0716279453550058,0.1084107465325575,0.0,0.0,0.7936,0.0,0.9266901486445194,0.0070471934944713,-0.0018469776453891,0.0285222391099803,-0.0064918659504551,0.0060110472074987,504.5797424999999,500.6321091904762,508.1277222,488.18679868,519.17,1.0,1.0,1.0,0.0,0.8403847265858433,70642490.47619048,64579460.0,0.0028088951201747,0,-0.004644888305066,0.034533286317479,16.392943819999914,7.495613009523765,1,0.7876680854938671,0.6607088415022248,0
SPY,2024-03-27,v1.0,2026-05-18T01:54:56.147270+00:00,4.238092642857148,27.0,2.0,0.8540605748283074,-0.8540605748283074,-1.0,0.0,0.0,0.0083689049563149,3.0,-21926974913.55357,-36280747179.67152,-0.0208884659457148,0.0114371638036227,-0.1401841611516334,-0.1477640938655439,0.0,-15228722307.74523,8402.0,0.0055899649898487,0.0185061743042214,0.0041034726795763,0.0441223495190927,0.6945199858979181,0.0753111361537881,0.0899572737128437,0.0721002390313738,0.108601789507219,0.0,0.0,0.0,0.2026,1.148492762699079,0.0171046985264479,0.0084040221371558,0.035242679985009,0.0037604567615187,0.0051682029960293,505.4386567,501.46006561904767,508.6529296,489.1573992599999,523.29,0.0,0.0,0.0,0.0,-0.0191142458474127,72268457.14285715,67260500.0,0.0055899649898487,0,-0.0046435653756371,0.040410882981038294,16.281257440000104,7.192863980952325,1,0.8014941765196902,0.6638954359737027,0
SPY,2024-04-01,v1.0,2026-05-18T01:54:56.147272+00:00,3.8756595,1.0,0.0,0.8396106330660609,-0.8396106330660609,-1.0,0.0,1.0,-0.0017413978945344,4.0,-17650362986.95108,-32905699168.894867,0.1293607078197125,0.0930258683500246,0.0460603390796696,-0.1278916642165563,0.0,-15979790494.328655,8316.0,0.0014528892038968,0.0133426800780289,0.0014652041264131,0.0379885771949215,0.9053519469340388,0.080718718427349,0.092691950382975,0.0651413848539745,0.1081504327887016,0.0,0.0,0.6166,1.6813,0.8541964712268778,0.0241843964717368,-0.0017398825409596,0.0309052706010241,0.0064570413111815,0.0018224415213136,507.5907776,503.04212880952383,509.008258,491.09794674000005,522.2199999999999,1.0,1.0,1.0,0.0,-0.6358204381798561,73141838.09523809,71149600.0,0.0014528892038968,0,0.008196923852141099,0.0327277121223377,16.49283085999997,5.966129190476181,1,0.7027727602785625,0.602321943158792,0
SPY,2024-04-02,v1.0,2026-05-18T01:54:56.147274+00:00,3.818486285714284,2.0,1.0,0.8347565700880097,-0.8347565700880097,-1.0,0.0,1.0,-0.0063782600471769,4.0,-16146442859.430605,-34429913247.50734,0.0978410617347029,-0.046320671406772,0.0618679234637736,-0.0820185582238632,0.0,-18992024464.94649,8198.0,-0.0075071064809314,0.006195180298004,-0.0045469996259048,0.0298371417963962,1.1762358205017198,0.0695862314393634,0.0931412481207371,0.0648789639041396,0.1064398521750455,0.0,0.0,0.1753,0.1041,1.0166119710250163,0.0116602834746014,-0.0063579621246331,0.0148234351634337,-0.0082764411798091,-0.0017890592548511,508.1745789,503.39444266666675,508.8266968,491.8380212199999,519.04,0.0,0.0,0.0,0.0,0.1098604579446334,73017338.09523809,76293240.0,0.0075071064809314,0,-0.0019184790551760008,0.0130343759085826,16.336557680000055,5.432254133333231,1,0.6965652516743797,0.609536338908848,0
SPY,2024-04-03,v1.0,2026-05-18T01:54:56.147276+00:00,3.852565071428574,3.0,2.0,0.8397659841121071,-0.8397659841121071,-1.0,0.0,1.0,0.0010978189973009,4.0,-18539187883.13188,-35638686116.163864,-0.2166856061200213,-0.0351082170892207,0.0176970187611628,-0.0331692383985661,0.0,-18015596727.66294,8802.0,-0.0021588485708192,0.0064920575285711,-0.0036829615071272,0.029437594821025,0.9717576002374226,0.0779935274862951,0.0923110150278869,0.0766481172322792,0.107260635478915,0.7114768747705957,0.0,1.2445,0.1789,0.8052474310643158,0.0071745101705901,0.0010984218211534,0.0170287330086141,-0.0069972434355676,0.0011565111201521,508.5357849,503.7987366190477,508.9438476,492.56936948,520.15,1.0,1.0,1.0,1.0,-1.2206156985810668,73462885.71428572,75031660.0,0.0021588485708192,0,-0.008095665256721,0.0181852441287662,15.966415420000033,5.1451109809523246,1,0.8303246249201981,0.714596829900175,0
SPY,2024-04-04,v1.0,2026-05-18T01:54:56.147277+00:00,4.258154000000003,4.0,3.0,0.8236569712553918,-0.8236569712553918,-1.0,0.0,0.0,-0.0122811261090449,4.0,-13960060624.77706,-34514849660.189926,-0.1543423860013942,0.0315341719476079,-0.048901878152954,0.0595536111205898,0.0,-21031711885.464245,8790.0,0.0079129854539622,-0.0064772063254725,-0.0120158772905913,0.0156760549899668,1.5065630766771914,0.0744938096770095,0.0921019827731646,0.0760413173354733,0.1072665808237571,1.1253485075003804,0.0,0.9778,1.3186,1.2982639370032905,-0.014236976473333,-0.0122060208532351,0.0147564941091797,-0.017408261578943,-0.019305405216284,507.8123840000001,504.145581952381,506.9718384,493.1494885,513.49,1.0,1.0,0.0,0.0,1.044691757459976,74605861.90476191,77803320.0,0.0079129854539622,0,-0.005202240725707899,-0.004548911107104299,14.662895500000104,2.8262564476190164,1,0.8256207607011644,0.7089002899366117,0
SPY,2024-04-05,v1.0,2026-05-18T01:54:56.147279+00:00,4.407034928571428,5.0,4.0,0.8232125488224651,-0.8232125488224651,-1.0,0.0,0.0,0.0103927505229103,4.0,-15862417807.534992,-32809979324.789043,-0.0379641853286849,0.0493952705048955,0.0470501889177887,0.095664177964537,0.0,-17746162983.25728,8854.0,0.0027092630089514,0.0029532905657874,9.267449277494676e-05,0.0248850811869643,1.1187552363440754,0.0826110025729763,0.0955107547367847,0.0776968619597821,0.1079112363660977,1.1193086095145226,0.8443931211230942,0.1003,0.9953,0.995288473324724,-0.0072193766608671,0.0104469427272765,0.0201879591857323,-0.000790244181304,-0.0088706362067379,507.4443451,504.6224961428573,506.0658936,493.82394406,518.41,0.0,0.0,0.0,0.0,0.0559381208649339,74899390.47619048,73453640.0,0.0027092630089514,0,-0.0112371869085805,0.011317322978994399,13.620401040000047,1.4433974571426802,1,0.813488010214394,0.7200070852317761,0
SPY,2024-04-08,v1.0,2026-05-18T01:54:56.147281+00:00,4.172738285714282,8.0,0.0,0.8291779686707762,-0.8291779686707762,-1.0,0.0,0.0,0.0005590471146496,4.0,-16576734556.13441,-34003512067.399323,-0.1655208302384426,-0.0363771257151791,0.045881995857948,-0.0333623939388042,0.0,-18808002406.967026,8806.0,0.001388733914102,0.0030055238663861,0.0019817570364082,0.0241542612871628,1.1346023755931414,0.0982751328221372,0.1000309058129753,0.120453274393638,0.1092873334549499,0.4721365939358373,0.8046332872806098,0.237,0.1464,0.6504632010161797,-0.0047775377187715,0.0005592034106119,0.0107255735547805,-0.0013284453057747,-0.0065879730444677,507.2012512,504.878388952381,505.3942444000001,494.45267392,519.33,0.0,0.0,1.0,0.0,0.1156693399136379,74411280.95238096,70638500.0,0.001388733914102,0,-0.0018876487163866,0.0041376005103128,12.748577280000006,0.5158554476191171,1,1.2041604679381896,1.102170393987945,0
SPY,2024-04-09,v1.0,2026-05-18T01:54:56.147284+00:00,4.278731571428572,9.0,1.0,0.8287523989222276,-0.8287523989222276,-1.0,0.0,0.0,0.0011560432999506,4.0,-16754094988.259275,-34038842707.753983,-0.0697285016516646,-0.0010390291533601,0.0137913668210173,0.0113584526612674,0.0,-18336192920.190136,8804.0,0.0034315291623472,0.0033171835194583,0.0029548115115149,0.0239875913501772,1.0944305217941968,0.0982325954436106,0.0948809457528069,0.1213745921499671,0.1089759938560914,0.8670205437781356,1.0024141574219712,1.3284,1.7724,0.925447572055008,-0.0008657527265906,0.001156711775577,0.0180049557238889,0.0121814375757814,0.0009249613389042,507.1573211,505.30537633333336,505.4879454,495.10518612,520.21,1.0,1.0,1.0,0.0,-1.0013094046060318,73531123.8095238,69402280.0,0.0034315291623472,0,0.0110247258002044,0.0189299170627931,12.052134980000005,0.18256906666664463,1,1.2792302858561417,1.113773563492461,0
SPY,2024-04-11,v1.0,2026-05-18T01:54:56.147286+00:00,4.659469928571419,11.0,3.0,0.8385723921307058,-0.8385723921307058,-1.0,0.0,0.0,0.0075185314856852,4.0,-18957685320.886253,-37415377818.74056,-0.0194787839038125,-0.0609982887776606,-0.1003386280975472,-0.0840371082912802,-1.0438230266482345,-19322583093.711964,8716.0,0.0030342866336284,0.0001004433305122,0.0005446719215571,0.0192544198538386,1.0192480129640982,0.1086572466681375,0.0990570028308886,0.1310585965271694,0.1114033762521749,1.3400421349096954,1.0354296658875486,1.3952,2.8367,0.9428946516530708,-0.0098822087370833,0.007546866611867,0.005474954255022,-0.0013880071318835,0.009608696253984,506.1947418,505.64214361904754,505.4176452,496.14004330000006,518.17,1.0,1.0,1.0,0.0,-1.380308880308876,74344466.66666667,68749860.0,0.0030342866336284,0,-0.0089348737437505,0.015083650509006001,10.054698499999915,-0.2244984190475634,0,1.3230622727430144,1.1764327902071359,0
SPY,2024-04-15,v1.0,2026-05-18T01:54:56.147288+00:00,5.872785785714277,15.0,0.0,0.81827902950742,-0.81827902950742,-1.0,0.0,0.0,-0.01260717620937,4.0,-11995570893.67067,-34392603881.62373,-0.0451868445370827,-0.0279624295819666,0.024719353582649,-0.0114426949031965,-0.02076489515383,-22971987692.715763,8310.0,0.0083782800387381,-0.0249462955954522,-0.0173331285792774,-0.0092099317090279,1.9150391337219872,0.1230158420500918,0.1068697297595477,0.1248445214137566,0.11506505634156,0.7026339302937203,1.0380541469499562,0.1428,0.9222,1.2236520545983085,-0.0339165381712045,-0.0125280386794115,-0.0173464733333407,-0.0188086445127145,-0.0275097989406163,503.2728668,505.06445314285713,501.1514892,497.04269528,504.24,0.0,0.0,0.0,0.0,-0.1823768460699803,75267638.09523809,81092700.0,0.0083782800387381,0,-0.006280605833302999,-0.044856272273957,6.230171519999999,-3.912963942857118,0,1.1681933697476141,1.0849906525336472,0
SPY,2024-04-16,v1.0,2026-05-18T01:54:56.147290+00:00,5.95018892857142,16.0,1.0,0.828967564378343,-0.828967564378343,-1.0,0.0,0.0,-0.0018254761232553,4.0,-12960823413.09213,-36772303244.55794,-0.0680335724406794,-0.0691921836196211,0.0171874403433264,-0.0803041560570235,-0.7935157649527218,-24420610974.13034,8086.0,0.0009713198562839,-0.0261599119883365,-0.0130538930384842,-0.0114328963279031,1.8841866905973212,0.1321729769024784,0.1146012020440961,0.1338809636165586,0.1174358317040236,0.5954316165606262,0.9665510576270666,0.5819,1.7259,0.9978699067242752,-0.0295081412925141,-0.0018238109551127,-0.0123569580912426,-0.0279342029641023,-0.0304049792011471,501.7782409,504.7715831904762,498.0685364,497.25183164,503.5,1.0,1.0,1.0,0.0,-0.5918217385259988,73640861.90476191,82179660.0,0.0009713198562839,0,-0.0261103920089896,-0.0427619372923897,4.526409260000037,-6.703046790476151,0,1.1682334002282984,1.140034947371366,0
SPY,2024-04-17,v1.0,2026-05-18T01:54:56.147292+00:00,6.138455428571421,17.0,2.0,0.8340938561548107,-0.8340938561548107,-1.0,0.0,0.0,-0.0059358215400199,4.0,-12015425753.25445,-35909690646.30245,-0.0076042233783605,0.0234582150734098,-0.0733067193564038,-0.0183010983034503,-0.4841410207912389,-24475711411.80135,8120.0,0.0050046443026382,-0.0308245760361912,-0.0136479169746096,-0.0176509007800497,2.0370240650999785,0.1314077610595232,0.1126514587251064,0.1275083832246018,0.115178179522115,0.2387670482569438,0.5999175426673246,0.1998,0.2757,1.0395449525068912,-0.0363102822209787,-0.0059182393567776,-0.0240025062642975,-0.0201624377602774,-0.0263944866185176,499.9370575,504.1993233809523,495.4190308,497.43781858,500.56,0.0,0.0,0.0,0.0,-0.2057736489861211,73022623.8095238,80831160.0,0.0050046443026382,0,-0.014244198403499799,-0.0503969928828151,2.499238919999982,-8.780292580952334,0,1.131883895235751,1.107053199513258,0
SPY,2024-04-18,v1.0,2026-05-18T01:54:56.147294+00:00,6.399254928571419,18.0,3.0,0.8462970375108165,-0.8462970375108165,-1.0,0.0,0.0,-0.0020599722763533,4.0,-13186275536.92258,-37880242987.90144,-0.0975056638184701,-0.0548752246575506,-0.1014066605216008,-0.012424441399815,-1.129830618853677,-25381829806.858215,8036.0,0.0028567856511338,-0.031373092004527,-0.0084561738193142,-0.0199443987752228,1.9248672406235672,0.1301501468684642,0.1115476297314901,0.1238046392301771,0.1159415942481678,0.3765138819928607,0.5014887217076782,0.9528,1.211,1.0117899427759085,-0.0264097501316916,-0.0020578519896241,-0.0313936393347084,-0.009773198770042,-0.0356756499021029,498.61424559999995,503.44668723809514,491.810846,497.57585936,499.56,1.0,1.0,0.0,0.0,-0.8728379244074226,73679423.8095238,81720980.0,0.0028567856511338,0,-0.007715346780417899,-0.0670692892368113,1.0383862399999657,-11.63584123809511,0,1.1098812985034128,1.0678189251649375,0
SPY,2024-04-19,v1.0,2026-05-18T01:54:56.147297+00:00,6.6216964999999925,19.0,4.0,0.8225030842487201,-0.8225030842487201,-1.0,0.0,0.0,-0.0087667512114334,4.0,-8625689221.20697,-26704423914.116093,0.1860883650743418,0.2950302899945703,0.2737897396169174,0.2018300044443877,2.5410406777163717,-18568960210.27721,7858.0,-0.0001602126080039,-0.0375775144361814,-0.0109500714143766,-0.0284454826968597,2.1527508972412184,0.1220132173081538,0.1090007959674337,0.0812545341723027,0.1159710419746471,0.9239839464694902,0.6880177846538568,0.8852,1.8088,1.3586200117362903,-0.0448856940867724,-0.0087284352984762,-0.0486476664368966,-0.0166228352893878,-0.0307136475285597,496.3425232000001,502.2696126190475,488.74738780000007,497.54857848000006,494.8,1.0,1.0,1.0,0.0,0.9209144518943376,75232661.90476191,83651280.0,0.0001602126080039,0,-0.007894399990911601,-0.0793613139654563,-1.2060552799999869,-13.522224819047437,0,0.7454489299517585,0.7006449694883004,0
SPY,2024-04-22,v1.0,2026-05-18T01:54:56.147299+00:00,6.729093214285707,22.0,0.0,0.8315841405932587,-0.8315841405932587,-1.0,0.0,0.0,0.0091671246468811,4.0,-11827279840.285168,-29703704897.502583,0.1264518547782349,-0.1123140118293679,0.1728220331922822,0.1363345154167425,1.442825557519926,-18485262417.258896,7622.0,0.0053922939454995,-0.026689194703772,4.804480116149534e-05,-0.0196114171118342,1.5629343912448763,0.102920331304459,0.1046249860368515,0.0650578227177307,0.1174974775138858,1.1945853687925925,0.9605502397063884,1.2881,1.7148,0.8989602358491873,-0.0366285078269396,0.0092092714238345,-0.0430486180962695,-0.0016582224682632,-0.0093766588870405,494.4876709,501.22457014285715,487.8238526,497.60604979999994,499.17,1.0,1.0,1.0,0.0,1.1866645321379872,75599561.90476191,78823200.0,0.0053922939454995,0,-0.0108674938920977,-0.05242527698331,-3.118378899999925,-13.400717542857137,0,0.6218191176305109,0.5536954371900267,0
SPY,2024-04-25,v1.0,2026-05-18T01:54:56.147301+00:00,6.517106428571419,25.0,3.0,0.8377028318010398,-0.8377028318010398,-1.0,0.0,0.0,-0.0038061440760037,4.0,-13874902109.95234,-32588431363.192,0.1290096943276315,-0.0082474503848397,-0.0971167224978711,0.1396984603926536,0.4602928542085819,-19561874403.56129,7564.0,-0.0123266345686928,-0.0152143089200733,0.0031959246749273,-0.0131029403549781,1.4098747687401512,0.1349380101835731,0.119726723122343,0.1200289364081082,0.1196666886675639,0.5816140845383079,0.6575861335216856,0.1359,1.0419,0.9162633946130112,-0.0280115700727254,-0.0037989098906676,-0.0295290742767931,0.0075441415283868,0.0079476162025768,490.886322,499.12146719047615,489.961798,498.05364622,507.71,1.0,1.0,1.0,0.0,0.947387237085142,75439442.85714285,71971540.0,0.0123266345686928,0,0.0113430514190544,-0.0215814580742163,-7.167324220000012,-9.159669190476166,0,1.0025241086755152,1.0030270555181824,0
SPY,2024-04-29,v1.0,2026-05-18T01:54:56.147303+00:00,6.600786499999994,29.0,0.0,0.8364644327004831,-0.8364644327004831,-1.0,1.0,0.0,0.0035352356095071,4.0,-15465490442.078836,-30786020211.415333,0.1048650949088338,-0.0342868086130712,0.0475170148657523,-0.036437047757088,1.0852156959328758,-16112463591.04171,7740.0,0.0036005143386343,0.000237212763448,0.0068815529998664,-0.0010410211258744,1.0418333418772532,0.1232548406301949,0.1210975879082442,0.097973857696392,0.116094169599321,1.0222349094019438,0.8852934637734545,1.519,0.98,0.6431036981962452,0.0111209007302257,0.0035414919252587,-0.0248723844512931,0.0092005106691192,0.0206915774811417,491.1811401,497.8235299047618,494.5384276,498.4605279400001,510.2,1.0,1.0,0.0,0.0,-1.5841273575657733,72174052.38095239,60081120.0,0.0036005143386343,0,0.005659018743860499,-0.004180806970151402,-7.2793878400000835,-3.2851023047618355,0,0.8090487291963208,0.8439170510918965,0
SPY,2024-05-01,v1.0,2026-05-18T01:54:56.147306+00:00,6.724215214285713,1.0,2.0,0.8341702449859818,-0.8341702449859818,-1.0,0.0,1.0,-0.0032524956498854,5.0,-10836682196.302883,-29706754478.75534,0.1727371095630926,-0.0242203235530731,0.0019721914984288,0.0809082177473745,1.4411409702025262,-19613465612.34352,7480.0,-0.0011953406265938,-0.0152482840958502,-0.0088703557003845,-0.0204091270133338,1.8099142576161351,0.133731128553728,0.132013405676611,0.1347909860195148,0.1166762547201437,1.1868085369314352,0.8975882446868391,0.8544,3.1262,1.0965885600827294,-0.000399629521361,-0.0032472120157937,-0.0356372862897659,-0.0155629161302087,-0.0100116280623054,491.0102935000001,496.02585414285704,492.8339232,498.63909971999993,500.85,1.0,1.0,1.0,0.0,0.9353452583191664,73174938.09523809,67514060.0,0.0011953406265938,0,-0.012315704114414999,-0.0456489143520713,-7.628806219999831,-3.1919309428570273,0,1.0210400611836903,1.1552562669264443,0
SPY,2024-05-02,v1.0,2026-05-18T01:54:56.147308+00:00,6.544312142857142,2.0,3.0,0.83807902821434,-0.83807902821434,-1.0,0.0,1.0,0.0093098722856786,5.0,-13182329424.607817,-29658019609.665077,0.2170583589144995,0.0016405315876938,0.0366400266745747,0.0899218413082859,1.425207251809711,-17477542473.598152,7566.0,0.0075945654689415,-0.0046961930791179,-0.0002099503864301,-0.01160892608241,1.3258311115311947,0.1314771946518005,0.1311545335060414,0.1349248952664116,0.1166227493650981,0.8358361342591821,1.1058846743670885,1.3183,2.4762,0.8529195559598955,0.0110305277364919,0.0093533439471443,-0.0276852818420859,-0.0098617042696691,0.0030586029316978,491.5481994,495.3573608095238,493.1346008,498.82185302,505.15,1.0,1.0,1.0,0.0,1.2395303249312015,73336576.1904762,66199620.0,0.0075945654689415,0,-0.0192150482168134,-0.0246266789103881,-7.273653620000005,-2.2227600095238245,0,1.028747397227581,1.156934512619591,0
SPY,2024-05-03,v1.0,2026-05-18T01:54:56.147310+00:00,6.251440071428569,3.0,4.0,0.8293140503595003,-0.8293140503595003,-1.0,0.0,1.0,0.012319167377812,5.0,-13545208697.8774,-26238590520.052345,0.0174440532985063,0.1152952602573097,0.0953539643233828,0.1184885910837095,2.483443702581303,-13298179020.503466,7654.0,0.0121379389668359,0.0078093136251127,0.0109699842534016,0.0004325727364811,0.981762578718138,0.1380602431502668,0.1361218803424374,0.1508956420242273,0.1179399533598589,0.2505862925221576,1.1613594589962235,0.9221,1.0315,1.0078656081297828,0.0325753834123373,0.0123953608789524,-0.003469416944945,0.0185464317528077,0.0059614491658722,493.122879,495.2746102380952,493.7261964000001,498.92654298,511.81,1.0,1.0,1.0,0.0,1.032682039547034,72188890.47619048,67889740.0,0.0121379389668359,0,0.0061510708738553,0.0024920322209272,-5.80366398000001,-1.5484138380950867,0,1.1085332538699253,1.2794275809957132,0
SPY,2024-05-07,v1.0,2026-05-18T01:54:56.147312+00:00,5.976001071428568,7.0,1.0,0.838032585980819,-0.838032585980819,-1.0,0.0,0.0,0.0011028228524915,5.0,-16258856442.141932,-29492138593.67469,0.0716387058243038,-0.0793026403141631,0.0055931251706479,-0.0168208632244757,1.2917832736724435,-13691442276.06284,8070.0,0.0019164541197805,0.0196696419144284,0.0138489750300778,0.0109689066439691,0.8420913441719975,0.1379215144492143,0.1376734575253305,0.1705867129771294,0.1209862934287257,0.5273072854923719,0.5757126123336194,0.1101,0.6026,0.7393853639401401,0.0227232865856242,0.0011034311852207,-0.0030458170474643,0.023978929100628,0.0302003789507776,495.88955080000005,495.1146952380953,497.9572268,499.37581728,517.51,0.0,0.0,1.0,0.0,0.0096685617047739,71087828.57142857,63075140.0,0.0019164541197805,0,0.0228754979154073,0.0271545619033133,-3.4862664799999266,2.842531561904707,1,1.2390674546331393,1.4099671462201822,0
SPY,2024-05-08,v1.0,2026-05-18T01:54:56.147314+00:00,5.768896214285713,8.0,2.0,0.8490592307160166,-0.8490592307160166,-1.0,0.0,0.0,9.659168874811824e-05,5.0,-16252168991.04647,-31198983958.71334,0.0347404058699334,-0.0578745878199801,-0.1890495388793887,-0.050231992896604,0.7651286132475426,-15750227603.98255,8112.0,-0.0036354532082959,0.0199721223374693,0.0072958068816852,0.0105991184807641,0.9691154216190808,0.1305575807460691,0.1377203319212737,0.0949111609118616,0.120529170559983,0.3942192452599617,0.5645420196938402,0.6749,0.6865,0.6019673279147099,0.0233078106528978,9.659635387557162e-05,-0.0041014824509388,0.0115394452642785,0.0336563940139897,497.039563,495.0156773333334,501.2452028000001,499.60679934,517.0,1.0,1.0,0.0,0.0,0.5761905682630957,69849638.09523809,55436020.0,0.0036354532082959,0,0.011442848910402929,0.029554911563050897,-2.567236340000022,6.229525466666701,1,0.6891586209255602,0.787453797253917,0
SPY,2024-05-09,v1.0,2026-05-18T01:54:56.147316+00:00,5.552728071428573,9.0,3.0,0.8432793754151405,-0.8432793754151405,-1.0,0.0,0.0,0.005745271319238,5.0,-17674551318.612953,-30141038014.96596,0.0751000660617963,0.0339096281195373,-0.1030499469556764,-0.0162862663002446,1.0614312953429237,-12983114016.39406,8460.0,0.0003673147063051,0.0252664886243745,0.0071600031674177,0.0158075440519454,0.7345654088950835,0.13028549190362,0.1376467567689685,0.0797088229148038,0.1205151879580407,0.4170150876567104,0.4355678707159202,0.0384,0.5205,0.6418940502368168,0.0331286755470794,0.0057618070427425,0.0117676005939775,0.0069688561105305,0.0299783806524305,498.6679291,495.2969258571428,504.2012574,499.90900636,520.5,0.0,0.0,1.0,0.0,0.1288040448315114,67992061.90476191,51654720.0,0.0003673147063051,0,0.001207049067788,0.041745981246408,-1.2410772599999973,8.904331542857165,1,0.5790824207922739,0.6614005890157996,0
SPY,2024-05-13,v1.0,2026-05-18T01:54:56.147318+00:00,5.008816428571431,13.0,0.0,0.8468133973777558,-0.8468133973777558,-1.0,0.0,0.0,0.0001341928124367,5.0,-15003706948.229012,-28874392539.4012,0.0620940173132644,-0.0188324170621804,0.074508561637403,-0.0566954310979405,1.3613253476049003,-14609733439.79919,9144.0,0.0033022080123399,0.0254834666009657,0.0031968510948598,0.0163007501727503,0.9737415886761022,0.1227743245828268,0.1321421459973506,0.0606357632195646,0.1159744884923962,0.2923228751455039,0.3511614984590434,0.5089,1.4903,0.5694050790666844,0.0212718972959119,0.0001342018166949,0.01969254011216,0.0071926643709098,0.0084014306594075,500.9552613,495.8966180952381,506.9132568,500.3772583199999,520.72,0.0,0.0,0.0,0.0,0.4588124628054724,64482038.0952381,45440360.0,0.0033022080123399,0,0.0070584625542149,0.0280939707715675,0.5780029800001216,11.016638704761874,1,0.45886766991133643,0.5228370375194177,0
SPY,2024-05-14,v1.0,2026-05-18T01:54:56.147320+00:00,4.941178857142859,14.0,1.0,0.8425462491125306,-0.8425462491125306,-1.0,0.0,0.0,0.0045778204097983,5.0,-15526247662.903671,-28296052465.535557,0.0244174255975528,0.0200295148400596,0.0612117455448718,0.0405561002075198,1.4790992638763163,-13411153194.970284,8986.0,0.0003841278721889,0.0283714866819126,0.0054143243819246,0.0204626645795058,0.8637729789028864,0.1230812487968419,0.1222428120134278,0.0332305664651332,0.1152934105130281,0.5659124755649061,0.4686797232652597,1.1044,1.1369,0.9156509535432832,0.0424718361277931,0.0045883146371024,0.0373673890946386,0.0060175024842888,0.0119117187566108,503.03660900000006,496.77291,508.1159912,500.6230151600001,523.38,1.0,1.0,1.0,0.0,1.23829543283012,62836061.9047619,46435280.0,0.0003841278721889,0,0.0014291878471864002,0.04927910785124941,2.413593839999976,11.343081199999972,1,0.2718406358574001,0.28822604375223787,0
SPY,2024-05-16,v1.0,2026-05-18T01:54:56.147322+00:00,4.6239024285714265,16.0,3.0,0.8616784939915251,-0.8616784939915251,-1.0,0.0,0.0,-0.0020597823891987,5.0,-16307312691.480145,-29827886706.22921,-0.0057275266116816,-0.1965772132810352,-0.0330221377134392,0.0103895329875919,0.9210018948241072,-13901058076.468803,8942.0,0.0001885581723143,0.0337022762775895,0.0075965773247195,0.0291794962983873,0.8524432160874365,0.0754093942634058,0.1175015941735403,0.067873452038773,0.1165239884117558,0.6442967121857242,0.4991512926959126,0.159,0.5279,0.8243849756315411,0.0468487719050774,-0.0020576624932112,0.056218043868603,0.0149354561169832,0.0163793644308928,508.2194855,499.3013741428573,512.2377136,501.49557862000006,528.4399999999999,0.0,0.0,0.0,0.0,0.1437515368174149,60948223.809523806,51247040.0,0.0001885581723143,0,0.0169931186101944,0.07259740829949579,6.723906879999959,12.936339457142708,1,0.5776385140966198,0.582484749612964,0
SPY,2024-05-17,v1.0,2026-05-18T01:54:56.147323+00:00,4.533252285714282,17.0,4.0,0.8543755232057102,-0.8543755232057102,-1.0,0.0,0.0,0.0014364844437719,5.0,-14139370743.705011,-26030779889.788727,0.0079200378581617,0.1273005645300208,0.0800561342790101,0.0815044037052131,1.9238900746007328,-12451646836.221546,8860.0,0.0002269490911948,0.032311553359666,0.0057443403062393,0.0300079288036057,0.8806365616917672,0.0809855788196475,0.1148957362547862,0.0795455911532098,0.1167030588767217,0.1504432561909444,0.4799460719705919,0.0982,0.0831,0.9829088905938403,0.0355180149855642,0.0014375166817559,0.0599175283207281,0.0117522053132973,0.0165308447467548,509.9923401,500.69275047619055,513.9187866,501.81255556,529.26,0.0,0.0,0.0,0.0,0.1152139012182264,60216771.428571425,52637920.0,0.0002269490911948,0,0.0103146886315414,0.0764483730674829,8.179784539999957,13.226036123809422,1,0.6923284259524637,0.6816066785461925,0
SPY,2024-05-20,v1.0,2026-05-18T01:54:56.147326+00:00,4.136482999999994,20.0,0.0,0.8620108069343404,-0.8620108069343404,-1.0,0.0,0.0,0.0011516185416778,5.0,-15500175511.7876,-28260769304.389973,-0.0342391017408088,-0.0856674069713915,-0.1337106417385933,0.0212514682057429,1.265225240372834,-13200452297.33652,8608.0,0.0002268109841454,0.0301629681156994,0.0034150579856604,0.0303959676385952,0.8516324403744858,0.0707038475909665,0.1137951110597911,0.0793657682902098,0.109601536575826,0.0870596921657819,0.4718454111252971,0.2699,0.7134,0.6608163393866431,0.0261146226564555,0.0011522819089349,0.0704824892592261,0.0005284601821583,0.0175656156947983,511.30929259999994,502.3151753809524,515.7053284,502.20158876,529.79,0.0,0.0,0.0,0.0,0.2452552541221877,57147800.0,52847480.0,0.0002268109841454,0,-0.0006238217267766,0.08804810495402439,9.107703839999942,13.390153019047602,1,0.6974443855858182,0.724130003359961,0
SPY,2024-05-22,v1.0,2026-05-18T01:54:56.147329+00:00,3.5486467857142747,22.0,2.0,0.861123038380102,-0.861123038380102,-1.0,0.0,0.0,-0.0028834472610682,5.0,-15287759695.468773,-29430985621.704475,0.056668458798162,0.0037202497987678,-0.1306225071362372,-0.180655106618023,0.8866902448377039,-14776118865.040165,8896.0,-0.0013360701836248,0.0244236925028171,-9.059389061705224e-05,0.0284966442013299,0.9665326483003094,0.0608971304048346,0.1043447307605522,0.0772387357635584,0.1092694829087221,0.4858789046665856,0.398411805798976,0.6985,0.0,0.884153827226533,0.0244397652059307,-0.0028792941197615,0.047819609358089,0.000717724662203,9.417370967021098e-05,513.9314667,504.91011266666663,517.2887452000001,502.91061708,529.74,1.0,1.0,1.0,1.0,-0.7304229658569737,54730295.23809524,45804720.0,0.0013360701836248,0,0.0035970187819644997,0.047913783067759216,11.020849619999979,12.378632533333473,1,0.7402264378691016,0.7068645942017826,0
SPY,2024-05-23,v1.0,2026-05-18T01:54:56.147330+00:00,3.606525928571419,23.0,3.0,0.8721610521455189,-0.8721610521455189,-1.0,0.0,0.0,-0.00733107998713,5.0,-14664684889.123854,-33339812860.419872,-0.1061268972842149,-0.1328133311251646,-0.1797206403450924,-0.1177396906719924,-0.2350982310688313,-19121175505.62185,8852.0,0.0059075107920205,0.0150205410786723,-0.0063703349903746,0.0205250976082218,1.3038926952875187,0.0655955856493293,0.1011161527422434,0.0332562123112789,0.1095135543591266,0.6918532093828389,0.5186485775551697,0.652,0.6806,1.0441639558801072,0.0111310353959405,-0.0073042731678871,0.0406600179862642,-0.0077351597869259,-0.0051637500903916,514.4967133,505.8654334761905,516.7557129999999,503.13687258,525.99,1.0,1.0,1.0,0.0,0.6616472735569279,54791395.23809524,47198000.0,0.0059075107920205,0,-0.0004308866190387995,0.0354962678958726,11.359840720000022,10.890279523809397,1,0.32889116249449424,0.30367208396415785,0
SPY,2024-05-29,v1.0,2026-05-18T01:54:56.147333+00:00,3.753660428571428,29.0,2.0,0.8652397757880858,-0.8652397757880858,-1.0,1.0,0.0,-0.0070269688453394,5.0,-13370070051.96147,-31136536268.39324,-0.1003844549100048,0.0088346761079311,0.066085451686572,-0.0540150090226533,0.3506952623855477,-18563814862.808033,9080.0,-0.007795043017191,0.0093967867047,-0.0040285159236183,0.0188474288863544,1.3884605533599736,0.0814701392217578,0.102054731592564,0.0751295589014771,0.1097410735917608,0.0,0.0,0.6737,0.4701,0.8678311744462684,0.0053505677335694,-0.0070023374282653,0.0314472708668135,0.0002662680375955,-0.0098989740578258,516.4784728999999,508.8192589523809,515.6779418,504.09954468,525.53,1.0,1.0,1.0,0.0,-0.6633719825128319,52072685.71428572,45670440.0,0.007795043017191,0,0.0072686054658608,0.021548296808987705,12.37892821999992,6.858682847619093,1,0.7361692139834026,0.6846074090261464,0
SPY,2024-06-03,v1.0,2026-05-18T01:54:56.147334+00:00,4.5304706428571375,3.0,0.0,0.8606345486433722,-0.8606345486433722,-1.0,0.0,1.0,0.0008148293062421,6.0,-15168839192.224611,-29634092947.19316,-0.1384250903223199,-0.0170734594981083,0.0482533865761174,0.0123072883652583,0.7272477094242685,-15178138605.527962,8960.0,0.0031285870765,0.0061847159986354,0.0020160986623116,0.0213724661074765,1.0006130603130208,0.0855885383397749,0.0927028658217562,0.1049240861325045,0.1106281511621511,0.0,0.0,0.0,0.0,0.9302915330533804,-0.0031165228410386,0.0008151613698268,0.0450864164306303,0.0032311999681076,-0.0030978045583866,515.4885590000001,512.0929217142857,514.223346,504.47812928,527.95,0.0,0.0,0.0,0.0,0.1117847669571868,50345185.71428572,53091800.0,0.0031285870765,0,0.0024160385982807996,0.0419886118722437,11.010429720000104,2.130424285714298,1,1.1318320516209934,0.9484392132190829,0
SPY,2024-07-02,v1.0,2026-05-18T01:54:56.147337+00:00,4.1177200714285505,2.0,1.0,0.8831673500315904,-0.8831673500315904,-1.0,0.0,1.0,0.006707309590039,7.0,-15813804642.558077,-28154878290.412945,-0.0757450957774745,0.0046421597463587,0.0738317706710467,0.0613907026130518,0.7264474071046882,-12984518616.826609,8696.0,-0.0030071865204959,0.0165655442905947,0.0053471600285877,0.0429192961305682,0.8210875820409911,0.0553068934588949,0.0638388194109965,0.0414039602413842,0.1020700636295076,0.271783958319839,0.3540499216212322,0.503,1.0498,0.8762053707139881,0.0067287041756506,0.0067298539668601,0.0443922413834378,0.004832080957229,0.0076721532085818,534.2083616,528.9332449047621,534.8354612,515.56751706,548.75,0.0,0.0,0.0,0.0,0.4462578095116747,46147628.571428575,46093840.0,0.0030071865204959,0,-0.0018977730096311,0.0520643945920196,18.64084453999999,5.902216295237963,1,0.6485701668309758,0.40564250391032014,0
SPY,2024-07-03,v1.0,2026-05-18T01:54:56.147340+00:00,3.8402132857142663,3.0,2.0,0.8792000960912267,-0.8792000960912267,-1.0,0.0,1.0,0.0044525923261844,7.0,-16286044566.07965,-27197483778.63923,0.0219024486239594,0.0340045693644401,-0.0670226945354713,0.108695713197762,1.023529450906944,-11704987678.241898,8646.0,-0.0005829621218642,0.0188240693328554,0.0076378089708017,0.045454421794066,0.71871273781363,0.0515158978117877,0.0612294676250584,0.0536520582774227,0.1009246839119639,0.0,0.0,0.0,0.7526,0.7209933800629577,0.0086584310576251,0.0044625198443241,0.0481984116327926,0.0133035051125613,0.0109070284353446,534.6719847,530.1158504761905,536.0009153999999,516.6124670199999,551.57,1.0,1.0,0.0,0.0,0.5766510717005675,45478780.952380955,44941700.0,0.0005829621218642,0,0.0088409852682372,0.0591054400681372,18.059517680000113,5.885064923809409,1,0.8762455659994948,0.5316048649523091,0
SPY,2024-07-05,v1.0,2026-05-18T01:54:56.147342+00:00,3.8543464999999872,5.0,4.0,0.8710958880216151,-0.8710958880216151,-1.0,0.0,0.0,0.0057500209671687,7.0,-13406137102.777971,-23222733347.12565,0.2112893860575237,0.1461440500843438,0.1790080045541488,0.2360770448931555,2.345010015636685,-10154194329.202888,9002.0,0.0005622253847782,0.0221857853404092,0.010394761297219,0.0494690314260752,0.7574287993145148,0.0540115999272169,0.0615698489144853,0.056585568499167,0.1011616991911122,0.0,0.0,0.2074,1.2066,0.9057565774597854,0.0172384207242109,0.0057665840685728,0.0530656305086474,0.0170537049338117,0.0151364705705282,535.5925231,531.4193347142858,537.6208495999999,517.60392516,554.41,0.0,0.0,0.0,0.0,0.1153901629886027,45805242.85714286,46231080.0,0.0005622253847782,0,0.0112871208652389,0.0682021010791756,17.988597939999977,6.2015148857141185,1,0.9190465837798815,0.5593575766129747,0
SPY,2024-07-08,v1.0,2026-05-18T01:54:56.147343+00:00,3.7920498571428505,8.0,0.0,0.8770579618232941,-0.8770579618232941,-1.0,0.0,0.0,0.0011532748551864,7.0,-14767660586.837255,-25733308001.69632,0.0348427090293297,-0.1081084908069795,0.0860089062981741,-0.009579557681237,1.3851709221190411,-11531405624.1723,9022.0,0.0014423667165191,0.0213638155966584,0.0075008077200329,0.0486365246398827,0.7808552719887466,0.0549099446392653,0.0625390066635926,0.0604524360658939,0.1016072166734016,0.0,0.0,0.0612,0.2034,0.797887585802425,0.0197794769656568,0.0011539401323567,0.0418977999557206,0.0114206110095304,0.020322839360781,536.6473387999999,532.4607281904763,539.7872804000001,518.6126062,555.63,0.0,0.0,0.0,0.0,0.0972482351246357,45257628.571428575,38224280.0,0.0014423667165191,0,0.0102666708771737,0.0622206393165016,18.034732599999984,7.326552209523811,1,0.9666355387561856,0.594961973130194,0
SPY,2024-07-09,v1.0,2026-05-18T01:54:56.147345+00:00,3.442412142857133,9.0,1.0,0.8800869308552367,-0.8800869308552367,-1.0,0.0,0.0,0.0009717819538034,7.0,-15837149362.337729,-27582156378.075188,0.0170869853679421,-0.0718465102215771,-0.0141436833850813,0.0248895655369409,0.7325855876200921,-12493951606.826788,8888.0,0.0017646510831889,0.0203121628623039,0.0046596630865154,0.0475215981488044,0.7889015454093407,0.0526560898112454,0.0530757074773841,0.0336580860929061,0.0989295945859383,0.4682563542903964,0.0,0.9354,0.6979,0.6052264282894533,0.0240999302492896,0.0009722542868754,0.0429303027843522,0.0079061677595748,0.0192172999014898,537.9283813,533.5277651428572,541.8400758,519.66934998,556.11,0.0,0.0,1.0,0.0,0.1187434781044165,45090066.666666664,35622660.0,0.0017646510831889,0,0.0069339134726993995,0.062147602685842,18.259031319999963,8.312310657142802,1,0.6341522581818706,0.34022258790762633,0
SPY,2024-07-11,v1.0,2026-05-18T01:54:56.147348+00:00,3.83011057142856,11.0,3.0,0.8899348444030688,-0.8899348444030688,-1.0,0.0,0.0,-0.0086598905584776,7.0,-17434964558.67624,-33748615889.95175,-0.105995181803584,-0.421931681146219,-0.3114760017533334,-0.2408727279564645,-1.404493874286694,-16820116009.914915,9730.0,0.0002138511334575,0.0169396063762654,-0.0004095315705617,0.0447193125238749,0.9647347405443762,0.0576773971904423,0.0576688384720193,0.0520628495683056,0.0945280480904835,0.9042115036501877,0.6438191609450598,0.555,1.419,1.1608796250469662,0.0201094688674475,-0.0086225017118504,0.0422196568174493,0.0021610039396407,0.0091031520933691,540.6177796,535.9328612857144,545.2346438000001,521.68208864,556.83,1.0,1.0,0.0,0.0,0.6307504312823445,45701723.809523806,39328800.0,0.0002138511334575,0,0.0107835056514911,0.0513228089108184,18.935690959999988,9.30178251428572,1,0.9027898241034983,0.5507660965432122,0
SPY,2024-07-15,v1.0,2026-05-18T01:54:56.147350+00:00,4.210679357142851,15.0,0.0,0.8817686396082172,-0.8817686396082172,-1.0,0.0,0.0,0.0027462329108598,7.0,-16152123166.180206,-28651932738.22116,-0.1240842249530868,-0.0277362278480951,-0.2071929414645232,-0.1134181713572327,0.24842751225845,-13046496438.713448,9590.0,0.0036428813739116,0.0220169503138805,0.0044757208207648,0.0493768934168055,0.8077264087504352,0.0826060402140678,0.0704146183188393,0.099220881292753,0.0925220613976514,0.1401894551431496,0.6536439053490827,0.5485,1.5244,0.8935803404216235,0.0318072097951197,0.0027500072627524,0.0406045321748425,0.0003742581283354,0.0112556241919797,543.6470643,538.1097992857143,547.5068481999999,524.0798987,561.58,1.0,1.0,0.0,0.0,0.5930226345876518,45417628.571428575,42542760.0,0.0036428813739116,0,-0.002375749134417,0.0518601563668222,19.567165600000067,9.39704891428562,1,1.4090947245148868,1.0724022905443906,0
SPY,2024-07-18,v1.0,2026-05-18T01:54:56.147351+00:00,5.095620714285701,18.0,3.0,0.8784010658611121,-0.8784010658611121,-1.0,0.0,0.0,-0.0077144918394816,7.0,-14605069963.373505,-34545399022.54904,-0.2701689356160524,-0.052270291926432,-0.2056917534385421,-0.023609357349512,-2.196990963853961,-20607431084.10404,9640.0,0.002819078583734,0.001759474263195,-0.011688178580252,0.0271764893607895,1.4109779094371488,0.1108910360301598,0.0877185331690108,0.1316992372204549,0.0943687420833097,0.305941045519122,0.7978324404284408,0.8228,0.1429,1.227150970055806,0.0021761994859316,-0.0076848115192145,0.0134218701624655,-0.0157961235014784,-0.0068644643444703,546.4530336,540.3194638095238,547.6714234,526.9495044,553.12,1.0,1.0,0.0,0.0,-0.6640610863822168,45854504.76190476,48706680.0,0.002819078583734,0,-0.008111311982263898,0.0065574058179952,19.503529200000003,7.351959590476213,1,1.5013842280383607,1.3955809980849325,0
SPY,2024-07-22,v1.0,2026-05-18T01:54:56.147353+00:00,5.2187542142857115,22.0,0.0,0.8731533099862714,-0.8731533099862714,-1.0,0.0,0.0,0.0102572530295499,7.0,-14044235821.582329,-28325088540.469368,-0.1007169594597865,-0.0945189425636802,0.1372035052231846,0.0114074048943926,0.2911913457495535,-15113875780.350672,9210.0,0.0073044760986661,0.00435461963129,-0.001745736415969,0.0280991807262225,1.076162204363201,0.1176290980808903,0.0926284077128299,0.1160196554599565,0.0944176276464391,1.0154903462531453,0.9535102186133096,0.1892,2.8946,0.9481144485789856,-0.0011345421463832,0.0103100389746302,0.0172568213386812,-0.004111740787827,-0.0122522595098178,545.8379699999999,540.8638596190476,544.1690918,528.3722875999999,554.73,0.0,0.0,0.0,0.0,-0.156855674749843,45718847.61904762,51744100.0,0.0073044760986661,0,-0.0144217797624572,0.005004561828863399,17.46568239999999,3.30523218095243,1,1.2525276618633927,1.2287921870531158,0
SPY,2024-07-24,v1.0,2026-05-18T01:54:56.147355+00:00,5.807089285714288,24.0,2.0,0.8622857128022863,-0.8622857128022863,-1.0,0.0,0.0,-0.0229232201691252,7.0,-9158333287.4041,-28383329012.49425,-0.1958758507568501,0.0132416680444737,-0.0967694315520556,0.1354294710468952,0.2379740407847892,-19628097544.68888,9204.0,-0.0088844361188314,-0.0206016645457915,-0.0164140522424067,0.0010954209578872,2.1431953750454085,0.1293168501287651,0.0980236660842248,0.1294481698775146,0.0955939933162083,0.9688525240372416,1.163936970802114,0.6692,0.4388,1.6314099055509093,-0.0357906452028123,-0.0226624792978741,-0.0027820668597064,-0.0141349824430122,-0.0282078191072384,543.6705872,541.2257748571429,538.9215087999999,529.49560242,542.41,1.0,1.0,0.0,1.0,-0.5210354193226632,45675400.0,54816220.0,0.0088844361188314,0,0.008527496854861899,-0.0309898859669448,14.174984780000045,-2.3042660571430815,0,1.3205806499879575,1.354145295592681,0
SPY,2024-07-25,v1.0,2026-05-18T01:54:56.147357+00:00,6.232425928571429,25.0,3.0,0.8622672348404908,-0.8622672348404908,-1.0,0.0,0.0,-0.005223898154492,7.0,-9959847675.997007,-29060230660.747566,0.1389208151377875,-0.0238485643440677,-0.025953744830413,0.1587814446207758,-0.0847447445715485,-19621350398.044376,9276.0,0.0002217985413752,-0.0251653117934904,-0.0164446140039085,-0.0048264944167875,1.9700452292389328,0.1555891872560433,0.1262755937835502,0.1699853961152822,0.1065096316438342,1.5682607638187387,1.3349476570262977,1.0747,0.0742,1.30732604815425,-0.0324719309104007,-0.0052102773267881,-0.0117834352171165,-0.0292797759348366,-0.0257844630934769,541.9008301,540.9263625714286,536.1302368,529.8712024,538.71,1.0,1.0,1.0,0.0,1.1199643394439345,46781214.28571428,55793800.0,0.0002217985413752,0,-0.024069498608048502,-0.0375678983105934,12.029627699999992,-4.796125771428592,0,1.346145977703304,1.5959625203106915,0
SPY,2024-08-01,v1.0,2026-05-18T01:54:56.147360+00:00,8.007218071428563,1.0,3.0,0.854959276825299,-0.854959276825299,-1.0,0.0,1.0,-0.0142620216873671,8.0,-10153788780.845753,-27139802514.501816,0.2143728750451926,-0.0724058737066074,0.0082744784572402,0.0660844082301013,0.6473980555420303,-17345448906.91268,9914.0,0.0031954543072272,-0.0163760569003355,-0.0036585514076296,0.000265527628148,1.7082735598787888,0.1711402313797692,0.1438036326983241,0.1376389230498722,0.1043819956453542,2.346779636722062,1.7029650090357118,1.6963,3.675,1.5519844287391835,-0.017460987160825,-0.0141608008321076,-0.0109286446596356,-0.0032122986350507,0.0085437725198694,534.9510498,540.6731248571427,533.7718628,531.67785584,541.72,1.0,1.0,1.0,1.0,-1.8618441649325084,49245790.47619048,56445060.0,0.0031954543072272,0,0.0109485021970569,-0.0023848721397662,3.2731939599999578,-6.9012620571427306,0,0.9571309910320949,1.3186077638468734,0
SPY,2024-08-02,v1.0,2026-05-18T01:54:56.147362+00:00,8.65082614285713,2.0,4.0,0.8464091536353476,-0.8464091536353476,-1.0,0.0,1.0,-0.0187941237137845,8.0,-7822397559.222441,-24420036396.759487,0.0563774451698546,0.1002131874868675,0.0896368376224669,0.1115432253160115,1.8283061435134875,-16871811442.659294,9796.0,-0.0133701383093227,-0.033141873819435,-0.0180506764559975,-0.0184755100782268,2.156859366316378,0.1801160522692443,0.1502278613539891,0.173764999003259,0.1073836447974107,0.522020813761292,1.925633787094525,2.6456,2.5893,1.6036099995498825,-0.02930830461864,-0.0186186153988912,-0.0336561126007385,-0.0167897063302063,-0.0211960096629714,533.3752136,539.807530047619,531.511438,531.7414923,532.5699999999999,1.0,1.0,1.0,1.0,-2.9123662976168103,51626704.76190476,62250120.0,0.0133701383093227,0,0.0018289090686848981,-0.054852122263709904,1.6337213000000474,-8.296092047619027,0,1.1566761709204296,1.6181699098534403,0
SPY,2024-08-05,v1.0,2026-05-18T01:54:56.147365+00:00,9.980008285714275,5.0,0.0,0.8342893654962138,-0.8342893654962138,-1.0,0.0,0.0,-0.0295562156473428,8.0,-5949714221.691599,-20655597991.6725,0.2707666928503722,0.1541536770840572,0.183811871904529,0.245216184601076,3.412193271919939,-14876048821.010675,9994.0,-0.039894935691315,-0.0582687874378298,-0.0369309423863274,-0.0466837577584609,2.500296361592503,0.1969169494197751,0.1611470754242305,0.1945457038922215,0.114586066487291,1.6964312315367616,2.05470978778026,0.65,2.3935,2.583491106950915,-0.0671956894094279,-0.0291237023324788,-0.0671788161060353,-0.0606924846934061,-0.0502607526181076,529.7250153000001,538.0698082857141,526.148285,531.53099732,518.51,1.0,1.0,1.0,1.0,0.9219529166183428,56616180.952380955,83600440.0,0.039894935691315,1,-0.031568782360927305,-0.11743956872414289,-1.805982019999874,-11.921523285714102,0,1.2072554919629288,1.6978127697198797,1
SPY,2024-08-06,v1.0,2026-05-18T01:54:56.147367+00:00,10.268236785714278,6.0,1.0,0.8428882135079047,-0.8428882135079047,-1.0,0.0,0.0,0.0091774639684118,8.0,-7373011949.029229,-23831181923.13937,0.1714989699533062,-0.1537396270370451,0.1219102677550629,0.1115889515372563,1.8248754922117532,-16900089803.664536,11316.0,0.0035564516820867,-0.0468492636625694,-0.0208156765506437,-0.0378193426928533,2.2921554882180404,0.2194892617084283,0.1842844539922483,0.2442948158677744,0.1299052238980562,1.6646746198581874,1.273300837587097,0.5883,2.0963,1.4392956328077051,-0.0571164686854732,0.0092197060169268,-0.0596635709675489,-0.038415539514606,-0.0366235241292693,526.6272065,536.5247032857143,522.2601136000001,531.48949952,521.85,1.0,1.0,1.0,1.0,-0.6683903092980962,58935980.952380955,91194980.0,0.0035564516820867,0,-0.047635245531532804,-0.09628709509681821,-4.862293019999925,-14.264589685714213,0,1.325639777632315,1.8805617644281063,0
SPY,2024-08-07,v1.0,2026-05-18T01:54:56.147369+00:00,10.579543857142852,7.0,2.0,0.8464033059320243,-0.8464033059320243,-1.0,0.0,0.0,-0.0067064940444314,8.0,-7162938382.189846,-24037348878.790836,0.1531173503922083,-0.0086511427052337,0.0156710461749939,0.0501849041762119,1.6634423761037749,-17418296181.90442,11126.0,0.01210364324752,-0.0501520296333399,-0.0154892307372739,-0.0439307605863653,2.4317249782873764,0.2317599311261589,0.1885641786412152,0.274585658371714,0.1307208200583349,1.466960811791962,1.9581165100677749,2.3343,2.7738,1.1589304423619051,-0.0417013309815984,-0.006684055702138,-0.0668560852093784,-0.0267217298222633,-0.0583686141490065,524.4167206,534.7916507142857,515.9626282,531.3116906800001,518.89,1.0,1.0,1.0,1.0,2.3117263718042667,61003057.14285714,92201960.0,0.01210364324752,0,-0.020037674120125297,-0.1252246993583849,-6.894970080000121,-18.82902251428561,0,1.456191975530272,2.1005501437619283,0
SPY,2024-08-08,v1.0,2026-05-18T01:54:56.147371+00:00,11.03145828571428,8.0,3.0,0.8503547057476598,-0.8503547057476598,-1.0,0.0,0.0,0.0228541575018377,8.0,-10472731186.859753,-27157586207.04984,0.0654724484436966,-0.1298078812265407,-0.3147809236991675,-0.0006552624153591,0.4024155381517864,-17330906530.748253,10974.0,0.010122190811753,-0.0255878914283617,0.0120187453074342,-0.0219207341012684,1.6548602481550874,0.2138885434489662,0.188444489306145,0.2052666256587472,0.131427768891401,1.4912546261453803,1.8263693063014397,0.3579,2.0851,1.017745325739201,-0.0144128567457013,0.0231173146807322,-0.0546390473630411,0.0256485327880159,-0.022762154594652,523.6567108,533.3612743809524,513.5415588,531.3615185599999,530.86,0.0,0.0,0.0,0.0,0.4409686233864189,62173314.28571428,89571540.0,0.010122190811753,0,0.002531218107283701,-0.0774012019576931,-7.7048077599998805,-19.819715580952447,0,1.089268333193813,1.5618207002368911,0
SPY,2024-08-09,v1.0,2026-05-18T01:54:56.147373+00:00,11.008366285714285,9.0,4.0,0.8588072709256733,-0.8588072709256733,-1.0,0.0,0.0,0.0044000585726937,8.0,-10129719953.987478,-25724739252.683548,0.0640751514580585,0.0527604678649363,-0.0794571303954333,-0.0534275557466897,0.9358712956815682,-16537089696.978382,11178.0,-0.0015828830860646,-0.019276581479401,0.016446584995251,-0.0179183334265926,1.6325317750239183,0.2495276794481675,0.2038320911280774,0.2988687415510729,0.1394053739759397,1.2321705455550105,1.0902268653816969,0.0713,2.226,0.7379509399517025,-0.021030606835305,0.0044097530439472,-0.0422117078357448,0.0207602798336755,0.0001689846274629,522.5353180000001,532.2657572380953,513.559198,531.52961792,532.82,0.0,0.0,0.0,0.0,0.052533818645748,61819285.71428572,82137640.0,0.0015828830860646,0,0.0163505267897283,-0.0420427232082819,-8.99429991999989,-18.706559238095224,0,1.4662496235726847,2.1438823453379348,0
SPY,2024-08-14,v1.0,2026-05-18T01:54:56.147375+00:00,10.425634642857144,14.0,2.0,0.8678712210668446,-0.8678712210668446,-1.0,0.0,0.0,0.003149525012913,8.0,-13883960091.137762,-28516866308.04154,-0.1268193610513147,-0.0419971664280633,-0.1085385950050678,-0.18635655087584,-0.1741753664677956,-15445979514.543074,10482.0,0.0014940521514968,0.0064588272192587,0.0134378034022202,0.0001991833832426,1.1125053236361837,0.2573143161725263,0.2111925024964009,0.1700101083850111,0.1409592049455109,0.6157205237226803,0.6998911793986267,1.4486,2.6328,0.6828531026638847,-0.0128175845975801,0.0031544899778753,-0.0373721833531606,0.0201878086367186,0.0483745871642329,520.7224700999999,529.126105904762,525.4823119999999,532.43758728,544.71,1.0,1.0,1.0,0.0,1.7140229885057563,62161100.0,49243660.0,0.0014940521514968,0,0.017033318658843298,0.0110024038110723,-11.715117180000107,-3.6437939047621057,0,0.8050006431355297,1.2060943192024027,0
SPY,2024-08-15,v1.0,2026-05-18T01:54:56.147377+00:00,10.483708142857145,15.0,3.0,0.8704387349595297,-0.8704387349595297,-1.0,0.0,0.0,0.016995123699552,8.0,-15927252011.184175,-27594038011.02641,-0.0167368755274427,0.0323607891220115,-0.0394453991741628,-0.0160710823358547,0.202587045977625,-12108288060.550756,10296.0,0.0105748310129101,0.0240592120838687,0.0222651645397684,0.0163566248761266,0.7602245542450304,0.2439052395615893,0.2102044099122036,0.136854180800333,0.1410515301601289,0.5949149883246615,0.7004029804334078,0.3547,1.1637,0.9760691779435952,0.0185262268284642,0.0171403624311428,-0.0069487582958907,0.0371293506312721,0.042250084375304,521.7077301,528.9456162380951,529.8739014,532.95429748,552.67,0.0,0.0,0.0,0.0,0.2242030846004837,62338614.28571428,48757700.0,0.0105748310129101,0,0.0199889882001293,0.0353013260794133,-11.246567379999988,0.9282851619049097,1,0.6510528220933369,0.9702423712989533,0
SPY,2024-08-16,v1.0,2026-05-18T01:54:56.147379+00:00,10.44383242857143,16.0,4.0,0.852604265558255,-0.852604265558255,-1.0,0.0,0.0,0.0022393563761591,8.0,-12696017074.842045,-23693612162.55721,0.029747057801219,0.1413503107776619,0.1342429960872632,0.0789561779489934,1.6978137096851975,-11696006541.768162,9978.0,-0.0029835381945636,0.0262057345500097,0.0165452410822957,0.0178361328129639,0.9212343109513088,0.2474121995449059,0.2146171411037509,0.1104343458650665,0.1449801313580645,0.5495203089968547,0.5737031697663875,0.8097,1.1163,0.7192364248894141,0.0401762676204234,0.0022418656073202,0.0029852819777375,0.0226364066651251,0.0400005235193952,523.804599,529.0225611904762,534.05,533.3726800400001,554.51,1.0,1.0,0.0,0.0,0.9561436741173835,61774819.047619045,48519920.0,0.0029835381945636,0,0.0203945410578049,0.0429858054971327,-9.568081040000038,5.027438809523801,1,0.514564401293725,0.7617205006878937,0
SPY,2024-08-20,v1.0,2026-05-18T01:54:56.147381+00:00,9.670114714285717,20.0,1.0,0.8537375940307073,-0.8537375940307073,-1.0,0.0,0.0,-0.0016273254789043,8.0,-13824093357.107876,-25726427213.709343,-0.0795279603287215,-0.1064957747005975,0.0676816780701244,0.0599645848378641,0.8262626407914829,-12624122328.243658,9808.0,-0.0008218483518974,0.0329972672929337,0.0086877705450973,0.0239015341575126,0.9131971263600276,0.1343176103433281,0.2139590332643692,0.0992695466571284,0.1458495850643061,0.4103593100361347,0.5640624761495846,0.3077,0.5438,0.561639126292993,0.0699989594612175,-0.0016260021027491,0.007301826985043,0.010179556551301,0.0307356210590997,531.5202331,529.7067333333332,542.4727294,534.4123333599999,559.24,0.0,0.0,0.0,0.0,0.3436549131913297,60060452.38095238,44115700.0,0.0008218483518974,0,0.011805558654050101,0.0380374480441427,-2.892100259999893,12.765996066666844,1,0.46396518297415595,0.6806295664609817,0
SPY,2024-08-22,v1.0,2026-05-18T01:54:56.147383+00:00,8.67182657142858,22.0,3.0,0.852821878491739,-0.852821878491739,-1.0,0.0,0.0,-0.0078793159478563,8.0,-13762574168.04688,-28146115280.88363,-0.0363997398847316,-0.0546015618988633,-0.21056675976902,-0.020007121452707,-0.1092109971214742,-15033720858.498878,9624.0,0.003460602318615,0.0264390913091256,-0.0029969200965941,0.0175782467741345,1.092362567854731,0.1241432598971517,0.2116199971194639,0.1033952702896813,0.1445794609197971,0.8753336049758397,0.692998724385551,0.9901,0.9254,0.9428783871235882,0.0481862047719337,-0.0078483555070163,0.0276962198655946,-0.0060576694890899,0.0056954856474658,538.1340576,530.7248317142856,546.3942138,535.34626524,556.62,1.0,1.0,1.0,0.0,1.062529215058784,59521461.9047619,42984180.0,0.003460602318615,0,0.0017906860179263996,0.0333917055130604,2.787792360000026,15.669382085714346,1,0.488589295960625,0.7151448931988277,0
SPY,2024-08-26,v1.0,2026-05-18T01:54:56.147384+00:00,7.043928785714294,26.0,0.0,0.862644574884678,-0.862644574884678,-1.0,0.0,0.0,-0.0023866260386252,8.0,-15168725526.323963,-27460792061.35101,-0.0344261305447095,-0.0385418844964048,-0.0289233135682479,-0.1810909510833522,0.0937662123317396,-13004458824.923882,9732.0,0.001867931340113,0.0312412365756045,0.0019617623179721,0.0243423005127378,0.8573204652134953,0.119380292558037,0.1981397139488971,0.1098698761499696,0.1460879674936323,0.6528790725190482,0.6603948424995466,0.2481,0.191,0.615298652444958,0.0516059838463114,-0.0023837803110471,0.0300309054197033,0.0003032495298712,0.0021086479813699,543.6832703,532.5936003333334,548.1571289999999,536.18061338,560.27,0.0,0.0,0.0,0.0,0.1373063000410103,58164600.0,43559280.0,0.001867931340113,0,0.0026870298409183,0.0321395534010732,7.5026569200000495,15.56352866666657,1,0.5545070617858866,0.7520802056059585,0
SPY,2024-08-27,v1.0,2026-05-18T01:54:56.147386+00:00,6.35835185714287,27.0,1.0,0.8611122025950231,-0.8611122025950231,-1.0,0.0,0.0,0.0013721561194664,8.0,-16019495759.475927,-27976881799.063377,-0.022266305323187,-0.0187936945358078,0.0060126763544947,-0.0874763746500637,-0.1323662727939032,-12836796400.57344,9800.0,-0.00231813674429,0.0311402966444109,0.0023132110493886,0.0249802541830812,0.8013233745500484,0.1230774698940663,0.1959619217117819,0.0986306293627819,0.1453848886650155,0.4640797381197904,0.7248274656771783,0.673,0.2688,0.5652497001773455,0.036011922556739,0.0013730979564076,0.0308392135924108,0.009600467264732,0.0051189668716578,545.5950317,533.3771115238095,548.717334,536.58266172,561.69,1.0,1.0,0.0,0.0,-0.5805256784671258,57839747.61904762,43351600.0,0.00231813674429,0,0.008227369308324399,0.0359581804640686,9.012369980000017,15.340222476190547,1,0.5033152536373569,0.6784104144821731,0
SPY,2024-08-28,v1.0,2026-05-18T01:54:56.147389+00:00,5.937218500000013,28.0,2.0,0.8606642496632109,-0.8606642496632109,-1.0,1.0,0.0,-0.0058221661437948,8.0,-14642492012.096403,-28557083910.868584,-0.0014103093373799,-0.020738626840988,-0.0800026333638217,-0.0700000691084153,-0.3861780468714937,-14738947861.643864,9608.0,-0.0006231951459082,0.0236952531029752,-0.0026795170574139,0.018548132790239,1.006587393011229,0.1082433232088165,0.1959404134832291,0.0973209263885046,0.1444807143123348,0.5285088488694707,0.6323827377466916,0.2366,0.0,0.713395432722633,0.0267587140839762,-0.0058052501795984,0.0300737652859571,-0.0068133194326556,-0.0041382203358114,547.0200500000001,534.1373043809524,548.2629027999999,536.83650816,558.0,0.0,0.0,1.0,0.0,0.0089557585527616,57564147.61904762,43261880.0,0.0006231951459082,0,-0.0010080692530571997,0.0259355449501457,10.183541840000089,14.125598419047492,1,0.49668631239247313,0.6735910748766644,0
SPY,2024-08-29,v1.0,2026-05-18T01:54:56.147392+00:00,5.975693714285724,29.0,3.0,0.868995632515655,-0.868995632515655,-1.0,1.0,0.0,8.962940245123939e-05,8.0,-16732192964.16917,-30675266446.57666,-0.1116628321784224,-0.0741736285931461,-0.1170568706847236,-0.0898579125557262,-1.3109338863316229,-14699031706.813854,9498.0,0.0036003314543662,0.02311344296047,-0.0033485681552116,0.0182075819142439,0.8784880582175217,0.117122821996495,0.1962531282404809,0.1033252855883428,0.1451638212615452,0.7028273211346674,0.5391088322407647,0.7099,1.2357,0.687892340030099,0.0095467488124737,8.963341928620157e-05,0.0136889996726363,-0.0043508879645051,0.0038294525728416,547.5371703,534.4889540476191,548.6801268,537.0641936999999,559.38,1.0,1.0,1.0,0.0,0.9545983701978916,56280900.0,39780620.0,0.0036003314543662,0,-0.004440521383791302,0.0175184522454779,10.472976600000038,14.191172752380908,1,0.5264898513965776,0.7117839525892584,0
SPY,2024-08-30,v1.0,2026-05-18T01:54:56.147394+00:00,6.135196500000006,30.0,4.0,0.867422612759764,-0.867422612759764,-1.0,1.0,0.0,0.0095006004147301,8.0,-15339025503.332611,-26555839469.06289,-0.1208016442097769,0.134291481532461,0.050793449398927,-0.0043174102541795,0.4018810725509644,-11898387033.744816,9332.0,0.0043341392675175,0.0310204247316741,0.0056088856110745,0.0272364379965646,0.7756938034401032,0.089269818936055,0.1891869125840385,0.087026344581652,0.1451750590001213,0.0,0.0,0.0,2.2693,1.1271490980381884,0.0169039931710448,0.0095458743818885,0.038065384689101,0.0037751717504013,0.0027573883756585,548.4548644,535.4529490952382,548.98374,537.42537412,563.15,1.0,1.0,1.0,1.0,-2.0579051944365436,55627157.14285714,42192760.0,0.0043341392675175,0,-0.005770702631487199,0.040822773064759496,11.029490280000005,13.53079090476183,1,0.46000190390006546,0.5994579178163111,0
SPY,2024-09-03,v1.0,2026-05-18T01:54:56.147395+00:00,6.496163857142863,3.0,1.0,0.8522356522140948,-0.8522356522140948,-1.0,0.0,1.0,-0.0207936945926254,9.0,-10952454909.074137,-27080142116.190216,-0.1647191652748671,-0.0197434032442518,0.0517189289805692,0.0138615792403355,0.1667518381437953,-16702470371.15498,9374.0,-0.0056947457368386,0.0081189272342223,-0.0120151491967946,0.0058194269916467,1.5249978666716026,0.0981668298382581,0.1836901276338521,0.0810158120475557,0.1445238415859016,0.0,0.0,0.344,2.2398,1.1104911572291798,-0.0134556986214386,-0.0205789964229927,0.0359917732329919,-0.0111409396810247,-0.015531595934394,547.7173888,536.3474600000001,547.2776486,537.5736553599999,552.3,0.0,0.0,1.0,0.0,-0.2046804810896963,54570538.0952381,47155060.0,0.0056947457368386,0,0.009438056741968,0.0204601772985979,10.14373344000012,10.930188599999951,1,0.4410460631753883,0.5605705297675505,0
SPY,2024-09-04,v1.0,2026-05-18T01:54:56.147397+00:00,6.5052542857142885,4.0,2.0,0.8535904716252414,-0.8535904716252414,-1.0,0.0,0.0,-0.0020489737133585,9.0,-11571702873.995403,-27834611093.218445,-0.0819462361406201,-0.0278605988768854,0.0926040971251361,0.0050852953115631,-0.1492957387238679,-17007020741.054138,9698.0,-0.0034053747007784,0.0031272526865129,-0.0102789941338178,0.0034604513506637,1.469707693521348,0.1360009641834781,0.1864807099986712,0.1602336924097103,0.1511157113200443,0.0,0.0,0.0945,0.6777,0.9472596679003584,-0.0138715855991592,-0.0020468759996842,0.0648846089046687,-0.0132534570252776,-0.018893835552545,546.9583556,537.9130858571428,545.1993772,537.73447202,550.35,0.0,0.0,0.0,0.0,-0.2432162628187733,49854228.571428575,50061260.0,0.0034053747007784,0,-0.011206581025593399,0.0459907733521237,9.223883580000006,7.286291342857112,1,0.8592507172368923,1.060337673737832,0
SPY,2024-09-05,v1.0,2026-05-18T01:54:56.147399+00:00,6.301678357142862,5.0,3.0,0.8560283535817905,-0.8560283535817905,-1.0,0.0,0.0,-0.0024350016649504,9.0,-11683643097.823172,-28375195531.591377,-0.0631849272331429,-0.0194213038063477,-0.0685105836947089,0.0063692910608418,-0.3789373153316317,-17633875313.876102,10094.0,-0.0001087259333234,-0.0016891804916259,-0.0095938771308976,0.0008457285849701,1.5092788410458673,0.1360370830216814,0.150992197629021,0.1568245484335027,0.1511669357849807,0.9265676355956612,0.0,1.8095,0.2073,0.9236603029799574,-0.0196388419833237,-0.0024320394532142,0.052590195365126,-0.0249608646515761,-0.0155650331843634,545.8800536,539.1937545714286,543.4972044,537.8281024,549.78,1.0,1.0,0.0,1.0,-1.6830115900365712,47922704.76190476,50700920.0,0.0001087259333234,0,-0.022528825198361902,0.0370251621807626,8.051951199999962,4.303449828571388,1,1.038626766878006,1.0374261887686038,0
SPY,2024-09-09,v1.0,2026-05-18T01:54:56.147401+00:00,7.001238428571436,9.0,0.0,0.8619636923108378,-0.8619636923108378,-1.0,0.0,0.0,0.0111338713094897,9.0,-12515181723.854635,-28669495328.55556,-0.0842539297322121,-0.1192620699094585,-0.029994463818484,-0.0795928843430103,-0.5166380662891873,-17060164092.733349,10018.0,0.0079390899007718,-0.0107071596789917,-0.0026867539787346,-0.0047963739916145,1.363157520934412,0.1497905993178544,0.1614772079725848,0.1748131192343036,0.1552377213957162,1.5755720781142746,1.1209476883423244,0.3787,2.1348,0.8655109357955411,-0.0279650162786642,0.0111960835278874,0.0296993930989126,-0.0082402704355773,-0.0306379239988341,542.7871459,540.9408045714285,536.5905518000001,537.72800964,546.68,0.0,0.0,1.0,0.0,0.4355703592540391,46730547.61904762,52205780.0,0.0079390899007718,0,-0.0194363539634647,-0.0009385308999214984,5.059136260000059,-4.350252771428472,0,1.082586890145599,1.1260994196616274,0
SPY,2024-09-10,v1.0,2026-05-18T01:54:56.147403+00:00,7.159340714285714,10.0,1.0,0.8612063128071539,-0.8612063128071539,-1.0,0.0,0.0,0.0043462117912119,9.0,-13282372644.941364,-28967505648.83192,-0.0548678124110446,-0.0103946831592648,-0.0208742215214375,-0.069695481085135,-0.6267358660953639,-16678545345.97336,9986.0,0.003568730356926,-0.0077497732969155,0.0028616515407611,-0.000627962503121,1.2556902137755817,0.1510880985840902,0.1475303658538539,0.1825093546509545,0.1559931052638885,0.4586065416018385,1.2244305337584491,1.0661,2.3636,0.78620885459716,-0.0213983811296172,0.0043556702675618,0.029643948593468,-0.0014920814166068,-0.0059593433075097,541.6118773,541.6776761904762,535.9461060000001,537.81752624,548.73,1.0,1.0,0.0,1.0,1.0258933289600751,46291261.9047619,47364680.0,0.003568730356926,0,-0.0058477516841686,0.0236846052859583,3.79435105999994,-5.731570190476077,0,1.2370967917261417,1.1699833953710672,0
SPY,2024-09-11,v1.0,2026-05-18T01:54:56.147405+00:00,7.72038878571429,11.0,2.0,0.8633067433875325,-0.8633067433875325,-1.0,0.0,0.0,0.0102066816195173,9.0,-15390276969.75888,-29899077881.58239,-0.0687065876863862,-0.0321592146746688,-0.1672651860317925,-0.0741690545432814,-1.0244800866815102,-15023818657.14283,10220.0,-0.0001639298825587,0.0006075848776125,0.0118666831403684,0.0092907676340381,0.9761889722104335,0.1549462149892581,0.1475173100063946,0.1478848315107385,0.1561784990292576,0.3447334767613947,1.2332048970061709,0.6762,1.4173,1.572635777644421,-0.0127145981018777,0.0102589474632849,0.0396608350815473,0.0260195126244486,0.0062982352721709,540.9125914,542.6640595238096,536.6258055999999,537.9953839,554.58,1.0,1.0,0.0,0.0,0.8423217055661905,47848714.28571428,52969420.0,0.0001639298825587,0,0.015760565161163698,0.0459590703537182,2.9172075000000177,-6.038253923809634,0,1.0024913108801596,0.9468961666360549,0
SPY,2024-09-12,v1.0,2026-05-18T01:54:56.147407+00:00,7.612657428571432,12.0,3.0,0.8668552896283729,-0.8668552896283729,-1.0,0.0,0.0,0.0083882311610128,9.0,-16682786124.342772,-30133828422.634296,-0.0552137787137858,-0.0078514308027041,-0.0510763470824064,-0.0619778245786871,-1.1049793073433365,-13978995773.13178,10156.0,0.0010644357774901,0.007559819583643,0.0168713604593275,0.0174191405620636,0.8379293284072171,0.1653861237270835,0.150437272704147,0.1639255748833982,0.1574843432187269,0.2487297797476858,0.3546224428882079,0.6036,0.8597,1.083542075425952,0.0014152775094535,0.0084235109480278,0.0314553466153578,0.0232062960649276,0.0172487886617268,540.9899779,543.4592342380952,538.4827514000001,538.19283142,558.34,1.0,1.0,0.0,0.0,0.5222772719955568,47824261.9047619,54480480.0,0.0010644357774901,0,0.014782785116899799,0.0487041352770846,2.7971464800000376,-4.97648283809508,0,1.089660567758177,1.0409007087562867,0
SPY,2024-09-16,v1.0,2026-05-18T01:54:56.147410+00:00,7.292248642857146,16.0,0.0,0.8720529555089233,-0.8720529555089233,-1.0,0.0,0.0,0.0014758119437469,9.0,-16912264895.634872,-30238763007.317665,-0.1386860145221664,-0.0372262479347918,-0.0113610569222443,-0.054736494688104,-1.0995403628013145,-14049218391.136051,9942.0,-0.0004804230591965,0.0118836310730425,0.0097052666628605,0.0235446179665754,0.83071182232737,0.171055789939356,0.1439803051762688,0.0425241505475649,0.1578239775167411,0.2750864773121341,0.3994486112130075,0.1227,1.4775,0.7879139890339888,-0.0014901054929921,0.0014769014901162,0.0176650639472014,0.0151871373022408,0.0300690724626687,541.2661680999998,544.766491,545.9417844000001,538.56010312,562.48,0.0,0.0,1.0,0.0,0.0408641887570212,46522971.428571425,47885880.0,0.0004804230591965,0,0.0137102358121246,0.0477341364098701,2.7060649799998373,1.1752934000001005,1,0.2953469750049126,0.269440350713824,0
SPY,2024-09-17,v1.0,2026-05-18T01:54:56.147412+00:00,7.435662785714287,17.0,1.0,0.8681524893109962,-0.8681524893109962,-1.0,0.0,0.0,0.0004084861095122,9.0,-17076871925.864803,-30694479904.05988,-0.1334681986660913,-0.0150706196755446,-0.0186053850696403,-0.0596176376441855,-1.2729692972128932,-14080586009.82502,9976.0,0.0040152217101619,0.0115384501095283,0.0049688237172049,0.023672774399146,0.8245412901702696,0.1647493574044221,0.1331865626625712,0.0487742368769828,0.1576992223354708,0.1555455345978559,0.348777689940169,0.1421,0.7565,1.054862814700928,0.0199065076186711,0.0004085695513243,0.0158035558501227,0.0071184386614135,0.0260209185127753,542.3425169999999,545.1750399999999,548.738928,538.7126910000001,563.14,0.0,0.0,0.0,0.0,-0.2965883460315898,46755842.85714286,50471160.0,0.0040152217101619,0,0.0067098691100892,0.041824474362898,3.6298259999998663,3.5638880000001336,1,0.3662098656187554,0.3092864572303448,0
SPY,2024-09-18,v1.0,2026-05-18T01:54:56.147414+00:00,7.52310414285714,18.0,2.0,0.8706822712745628,-0.8706822712745628,-1.0,0.0,0.0,-0.0029701368157811,9.0,-17714576355.783615,-32721810670.72934,-0.175579948329208,-0.0660487088559956,-0.1223977944937726,-0.0944086904728835,-2.0411117720345984,-15569134513.176958,9740.0,0.0011899982540159,0.0083840772578209,-0.000502011451147,0.0204297952626051,0.8788883346958397,0.1236008286771557,0.133098500486584,0.0602564570826008,0.1576521108695487,0.8800830036612073,0.6479162739119929,1.4973,1.2822,1.2377202020611386,0.0189674399595744,-0.0029657303231372,0.0031988857356851,-0.0010852494529305,0.0125899104692127,543.3659911,545.2585273809524,550.1061765999999,538.82199398,562.36,1.0,1.0,1.0,0.0,1.7064481653010406,47704561.9047619,47230420.0,0.0011899982540159,0,0.0018804808702067,0.0157887962048978,4.543997119999972,4.8476492190475255,1,0.45272074692882835,0.38221152211749054,0
SPY,2024-09-19,v1.0,2026-05-18T01:54:56.147415+00:00,7.871485142857141,19.0,3.0,0.8988526658197807,-0.8988526658197807,-1.0,0.0,0.0,0.016920416491576,9.0,-23614281305.00834,-34788577776.321335,-0.2260207242480374,-0.0631617585710433,-0.150462992414823,-0.1544692326644674,-2.744233334247241,-11456360707.426443,9512.0,0.017117868630297,0.0245154278647299,0.0122681916168128,0.0374784620491632,0.4851454320990354,0.1244308966395753,0.1298809827448974,0.0624396273164461,0.1576241356501672,1.0983684809753052,0.7798429662438463,0.5887,0.0508,1.5158686345038572,0.0388820872926798,0.0170643775528901,0.0219795912468517,0.0144623480400685,0.0212664776523483,545.4589476000001,545.8312376666667,552.4351438000001,539.01121272,570.76,0.0,0.0,1.0,0.0,-0.4781253283827836,49684714.28571428,51929600.0,0.017117868630297,0,-0.0026020295128216,0.0432460688992,6.447734880000098,6.603906133333453,1,0.48074491884340137,0.39612983822304304,0
SPY,2024-09-23,v1.0,2026-05-18T01:54:56.147417+00:00,6.8333045714285765,23.0,0.0,0.8821181025718992,-0.8821181025718992,-1.0,0.0,0.0,0.0024957069020629,9.0,-16284730938.748936,-29074086041.64742,-0.0141122370120298,-0.0668688266531445,0.1114768576161013,0.0385160254534353,-0.5020096388318747,-13538940948.08268,9792.0,0.0019181709993902,0.0231520959366884,0.0071297738583302,0.0373328655107016,0.8313886793098468,0.0952408255082773,0.1414790535078796,0.1146208397422747,0.1610493256457839,0.5284670314535548,0.7785673817981337,0.2634,0.4899,0.867984918718835,0.0457665980474423,0.0024988237709245,0.0273224608664483,0.0178433164735711,0.0152392941448521,550.8103636000001,546.9771407619048,555.6789428,539.49973688,570.0500000000001,0.0,0.0,0.0,0.0,0.2861305668193858,50826804.76190476,61060280.0,0.0019181709993902,0,0.0153444927026466,0.0425617550113004,11.310626720000073,8.701802038095138,1,0.8101611425770497,0.7117125897021691,0
SPY,2024-09-24,v1.0,2026-05-18T01:54:56.147419+00:00,6.749466785714284,24.0,1.0,0.8874898171223244,-0.8874898171223244,-1.0,0.0,0.0,0.0028571372225545,9.0,-17782832387.545906,-31023942350.87929,-0.0709911556409861,-0.0670650938584547,0.1082146976414891,-0.0107336057769734,-1.2390227949165278,-14126242841.632238,9828.0,0.0014217815938827,0.0251248803062531,0.0064698539981795,0.0398658878863571,0.7943753016266105,0.0907755584575724,0.1381591500146248,0.114199807088575,0.1610804415417516,0.2517690674672573,0.773463232481028,0.1033,0.0385,0.9242056541559932,0.0442105324379291,0.0028612227291331,0.0194302131538742,0.0036292838820612,0.0177283070909702,553.1865904,547.4865314285714,557.6342528,539.72543146,571.37,0.0,0.0,0.0,0.0,-0.2205496236653231,50644247.61904762,60557220.0,0.0014217815938827,0,0.0007680611529281003,0.037158520244844395,13.461158940000018,10.147721371428588,1,0.8265815098795216,0.7089613047116069,0
SPY,2024-09-25,v1.0,2026-05-18T01:54:56.147420+00:00,6.489870142857138,25.0,2.0,0.8895603583938922,-0.8895603583938922,-1.0,0.0,0.0,-0.0022077796726273,9.0,-17587878489.21409,-31512180886.404453,-0.0539515971432591,-0.0157374755923411,-0.1563343177633039,0.0369670797406983,-1.377355264486325,-15610627572.138046,9774.0,-0.0002798453818674,0.0219066930617444,0.0005989556872387,0.0373117932373248,0.887578770896751,0.0911052048511645,0.1343466533723363,0.1124169216126611,0.160841524144038,0.2331858128903479,0.4071703292235339,0.3296,0.4803,0.756916069231788,0.0313273555140246,-0.0022053443196565,0.0196125508476161,0.0031500153561373,0.01850447535679,554.8876463,547.9994766666667,559.6691159999999,539.86114556,572.19,0.0,0.0,1.0,0.0,0.3964634060767649,50769961.9047619,56433960.0,0.0002798453818674,0,0.0053553596757938,0.0381170262044061,15.026500740000074,11.66963933333318,1,0.8367674997711122,0.6989296776539614,0
SPY,2024-09-26,v1.0,2026-05-18T01:54:56.147422+00:00,5.976723642857142,26.0,3.0,0.890404105806286,-0.890404105806286,-1.0,0.0,0.0,0.0039568004963681,9.0,-19292148309.782528,-32741989193.10107,-0.0865525858144105,-0.0390264422234008,-0.1261571265283984,0.0588293260040443,-1.7850364405342327,-14532468242.595844,9928.0,0.0076135357331245,0.0248683107429326,0.0034858584230934,0.0407780389350416,0.7532840826869873,0.0900897749357731,0.1342952393685517,0.1102845156331995,0.1609417847252361,0.2772735292089729,0.2618707257407764,0.187,0.5731,0.9382930276287555,0.0267672112895018,0.0039646389664632,0.022251295332845,0.0046167826989486,0.0053861883822902,556.3533323,548.5822345238096,560.2715208,540.19639824,573.04,0.0,0.0,0.0,0.0,-0.1450288310326624,51514823.809523806,51038060.0,0.0076135357331245,0,0.0006521437324854005,0.0276374837151352,16.156934060000026,11.689286276190387,1,0.8212093588697349,0.6852447235441858,0
SPY,2024-10-03,v1.0,2026-05-18T01:54:56.147424+00:00,5.141669714285707,3.0,3.0,0.867622260902994,-0.867622260902994,-1.0,0.0,1.0,-0.0018298506111827,10.0,-13134071821.822632,-30203513144.9886,0.1317979901568018,-0.0180129720775605,-0.0918381540710367,0.0775296831582652,-0.749965769187559,-18055254834.791916,9898.0,-0.0026368505663877,0.0103251940643398,-0.0040096896724435,0.0286039933131363,1.3746882977137829,0.1000254326334937,0.1109333450365679,0.0758188657542077,0.1614714716120739,0.5669884390355759,0.5959743392126888,0.8554,0.8748,0.7878353167831338,-0.0024840269850608,-0.0018281774552505,0.0337811500781189,-0.010352695399087,-0.007828052004588,560.1703246,552.1226514761905,560.0691284,542.3111602,568.3199999999999,1.0,1.0,1.0,0.0,0.9087386847944714,51846495.23809524,51454280.0,0.0026368505663877,0,-0.0085245179438365,0.025953098073530904,17.85916439999994,7.946476923809428,1,0.6834631994066607,0.46954957616824394,0
SPY,2024-10-04,v1.0,2026-05-18T01:54:56.147426+00:00,5.305851142857136,4.0,4.0,0.8650713308810604,-0.8650713308810604,-1.0,0.0,0.0,0.0090461207045062,10.0,-13544864152.974884,-28389553159.86243,-0.041750004642736,0.0600579136744276,0.0288477814586012,0.0626037868314927,-0.0538621903840526,-15587619107.694712,9908.0,0.0079776463313636,0.0173468616699243,0.0045089260692365,0.0365909585135513,1.1508139861462674,0.0593769317925387,0.11084996732734,0.0674455973472607,0.160353493308614,0.8707429758545281,0.6912417760812791,0.8621,0.6283,0.8292060370157299,0.0083235835967253,0.0090871605114109,0.0457185140055679,0.0076676191398499,0.0026422765697522,560.6349852,553.2945322857142,560.365808,543.02273368,572.95,1.0,1.0,0.0,0.0,-0.9040455164229227,51783390.47619048,51621920.0,0.0079776463313636,0,-0.0014195413715609997,0.048360790575320105,17.612251519999973,7.071275714285775,1,0.6084403350674024,0.42060569900649997,0
SPY,2024-10-07,v1.0,2026-05-18T01:54:56.147429+00:00,5.346381142857142,7.0,0.0,0.8665478520757318,-0.8665478520757318,-1.0,0.0,0.0,-0.0090814622614941,10.0,-12636719787.75318,-31107335719.297897,-0.0699333996170312,-0.0957317835941815,-0.0484764185212423,-0.1245107761731225,-1.1303242862288874,-19271162093.10846,9806.0,-0.0029319348348134,0.0056759965149488,-0.0024876422864568,0.0262905472382335,1.5250130110335294,0.0731765065621024,0.11263791032859,0.0954957326442563,0.1602619363377385,1.001439498921427,0.7472268510967743,0.889,1.396,0.981604459295958,-0.0032826358866953,-0.0090403503293709,0.0540037825559465,-0.0018634537782368,-0.0103876704576603,560.4512755,554.6554883809524,559.1947876,543.51441948,568.05,1.0,1.0,1.0,0.0,0.9457555477280742,50901052.38095238,48903380.0,0.0029319348348134,0,0.0071768965511341,0.0436161120982862,16.936856019999937,4.539299219047621,1,0.8478115750510477,0.5958727871868418,0
SPY,2024-10-08,v1.0,2026-05-18T01:54:56.147430+00:00,5.216149785714281,8.0,1.0,0.8681415164929123,-0.8681415164929123,-1.0,0.0,0.0,0.0094130993979204,10.0,-15378612039.90896,-31271876358.74356,-0.0079916989614068,-0.0052894481523722,-0.0353721505384622,-0.0697509725754798,-1.1607651464763833,-16772377829.556524,9808.0,0.0046142862609961,0.0127587147430343,0.0053391418687713,0.0348715894854363,1.0906301417859172,0.086151404263604,0.0988993520615059,0.1069628709322026,0.1609880285908371,0.9406457374236764,0.7735080736488797,0.609,1.0871,0.7368337750674329,0.0032732721129874,0.0094575419560089,0.0521916420396406,0.0094218667851748,0.0080018545629068,560.6349853000002,555.9855025714286,560.0887696,544.10534478,573.13,1.0,1.0,0.0,0.0,0.6926391820925777,50755952.38095238,41849360.0,0.0046142862609961,0,-3.5675170834100975e-05,0.0601934966025474,16.529640520000157,4.103267028571395,1,1.0815324659595071,0.6644150203236936,0
SPY,2024-10-09,v1.0,2026-05-18T01:54:56.147432+00:00,4.775136642857133,9.0,2.0,0.8698111403039563,-0.8698111403039563,-1.0,0.0,0.0,0.0069025835070355,10.0,-15307608604.811604,-30273454490.129917,0.0393094467418778,0.0319271494028687,-0.0663589637941526,-0.020370353362864,-0.7577649937335447,-15493818711.951174,9806.0,-1.7450477029950877e-05,0.0172035085160533,0.0093707493259123,0.0406567941802651,1.0121645458769464,0.0972088756103288,0.0972550522588715,0.1108340837205689,0.1619837027045791,0.5129922156654346,0.752229878428131,0.1058,1.3285,0.7458888135443322,0.0124552179134656,0.0069264612443134,0.0548848759798128,0.0072604508311262,0.0145554038174223,561.3324829000001,557.3902412380953,561.7156127999999,544.8283355,576.6,0.0,0.0,0.0,0.0,-0.1750008663409209,50828219.047619045,41812240.0,1.7450477029950877e-05,0,0.00033398958681279955,0.0694402797972351,16.50414740000008,4.325371561904603,1,1.1396227728028494,0.6842298023055237,0
SPY,2024-10-11,v1.0,2026-05-18T01:54:56.147434+00:00,4.855132642857135,11.0,4.0,0.8785392505870057,-0.8785392505870057,-1.0,0.0,0.0,0.0059703014439542,10.0,-16015529599.010038,-29429860969.59198,0.0282538061932336,0.1002582607875048,0.058903257611421,-0.0366440360604318,-0.4302674499408819,-13924419148.569963,9762.0,-0.0001389801939698,0.017609037073369,0.0083790918436712,0.0426036514043757,0.869432325823972,0.1006229191394131,0.0953228936428946,0.1147821390927271,0.1594079438865353,0.4926380551006304,0.3993523006068709,0.8492,0.4971,0.864518975524736,0.01419158612863,0.0059881592146897,0.0398282358107296,0.0111834719055303,0.0115188735092942,562.5054688,559.523669952381,564.6451295999999,546.11006036,579.34,1.0,1.0,0.0,0.0,0.8178336036440196,48891928.571428575,42336340.0,0.0001389801939698,0,0.0051953126908406005,0.0513471093200238,16.395408439999983,5.121459647618849,1,1.2041401877845859,0.7200527721121599,0
SPY,2024-10-16,v1.0,2026-05-18T01:54:56.147435+00:00,5.161780785714273,16.0,2.0,0.8869052618120092,-0.8869052618120092,-1.0,0.0,0.0,0.0043370790830627,10.0,-18515593455.8746,-32888737231.85177,-0.1085187665604578,0.0054948068253923,-0.1175294802049397,-0.086388645952992,-1.7502061633647512,-15297759579.813522,9782.0,9.305219382683267e-08,0.0169734881995311,0.0032355710012372,0.0408021466378618,0.8262095198984762,0.1043623271469722,0.1010721604558432,0.0971451678784126,0.1586028933214284,0.650267808932083,0.645037181098889,0.0687,0.2731,0.6309801268173111,0.0236261696942196,0.0043464978222318,0.0373240872550298,0.0046930629149795,0.0089406313767263,565.9595704000001,562.5008602857143,570.203528,549.6226769399999,582.36,0.0,0.0,1.0,0.0,0.0085866391894329,48694719.047619045,41510460.0,9.305219382683267e-08,0,0.00034656509274769935,0.0462647186317561,16.33689346000017,7.702667714285667,1,0.961146549443635,0.6125056089391749,0
SPY,2024-10-17,v1.0,2026-05-18T01:54:56.147437+00:00,5.173010499999991,17.0,3.0,0.8905688226625396,-0.8905688226625396,-1.0,0.0,0.0,8.577926278923753e-05,10.0,-19011121430.95193,-34242542120.090443,-0.1337271249113615,-0.0411631762780954,-0.1955741363777461,-0.0468769945607542,-2.1883668921548187,-16042821453.974752,9678.0,0.0061994660165698,0.0151470958001553,0.0011758723931356,0.0384681814317646,0.8438650771992597,0.1045891506117846,0.1014080612558085,0.0922528243132331,0.1586880925600554,0.2028122859526312,0.6214389068927056,0.3501,0.0893,0.7237601658379745,0.0255889379331819,8.578294193547498e-05,0.0404989111389311,-0.003371521051743,0.0107960265569434,567.3869812999999,563.5612182380953,571.4256104,550.90521234,582.6800000000001,0.0,0.0,0.0,0.0,0.38464840731519,47520852.38095238,39561580.0,0.0061994660165698,0,-0.0034573039936784747,0.0512949376958745,16.48176895999984,7.864392161904675,1,0.9097187548367756,0.5813468232649647,0
SPY,2024-10-18,v1.0,2026-05-18T01:54:56.147439+00:00,4.944257142857135,18.0,4.0,0.8433499203228374,-0.8433499203228374,-1.0,0.0,0.0,0.0038392079109959,10.0,-15273591339.400406,-27414725436.934204,0.0343375507687262,0.1993957300018999,0.1710205647517953,0.0684724788452072,0.3849170628958666,-12858948443.825577,9594.0,0.002953618744317,0.0177546301698137,0.0032986563624042,0.040401051395901,0.8419073260559281,0.1030533718085186,0.100222285901216,0.0894015324073136,0.1508849243827714,0.2485105698623943,0.5034648319396312,0.1454,1.0433,0.8184590795875835,0.0202626645257436,0.0038465871100922,0.0269765649955291,0.0082962913179063,0.0086442193472023,568.5275514,564.2795817142857,572.4099732000001,551.9969018,584.67,0.0,0.0,0.0,0.0,-0.1642176568193155,45716152.38095238,38591340.0,0.002953618744317,0,0.0044497042078141,0.0356207843427314,16.530649599999947,8.130391485714426,1,0.8920323726711683,0.5925146388738584,0
SPY,2024-10-21,v1.0,2026-05-18T01:54:56.147440+00:00,4.676905642857134,21.0,0.0,0.8482007393187331,-0.8482007393187331,-1.0,0.0,0.0,-0.0016435543648943,10.0,-15584567978.1355,-29662814237.397995,0.0464366828112435,-0.0820029660933637,0.0980859487462949,-0.0356735019858085,-0.4335752957085743,-14832776595.4803,9040.0,-0.0012659225719923,0.0147893606197349,0.0018883248948815,0.0367636000639994,0.9517605246606816,0.0975910633177619,0.0853317704882109,0.0857588837006144,0.1503695552547005,0.2776654521782139,0.27308215796716,0.1148,0.6869,0.8326874144903382,0.0278795760826338,-0.0016422044690627,0.0270654802001663,0.0022840372569694,-0.0011808661182342,570.0826845,564.9990670476191,572.274402,553.02389278,583.93,0.0,0.0,1.0,0.0,-0.0531158439422143,43760719.047619045,38635700.0,0.0012659225719923,0,0.0039262417260320995,0.0258846140819321,17.058791720000045,7.275334952380945,1,1.0050052068521236,0.5703207531082065,0
SPY,2024-10-22,v1.0,2026-05-18T01:54:56.147442+00:00,4.641117714285705,22.0,1.0,0.8539709146192664,-0.8539709146192664,-1.0,0.0,0.0,-0.0005313407906424,10.0,-16532277371.381336,-31671341968.19914,-0.0127739571771454,-0.0677119748222962,0.0750878875427521,0.0423069806499373,-1.1421758513987654,-15990782234.51195,8928.0,-0.0044206831968524,0.0131053045912785,0.0001405689813593,0.0343137533955921,0.9672461860695152,0.0813778969950377,0.0852957678924209,0.0698551815785513,0.1491397932249846,0.378646871548323,0.4182963698145146,0.7854,0.7511,0.7896882652286693,0.0177085455389156,-0.0005311996541229,0.0239612047733302,0.001665698492593,0.0061057355765829,571.0798158,565.6376226666666,572.9699342,554.03930782,583.13,1.0,1.0,1.0,0.0,-0.9137351710896318,43287714.28571428,34631740.0,0.0044206831968524,0,0.0021968981467159,0.0300669403499131,17.04050798000003,7.332311533333382,1,0.8189758427041488,0.46838724517539687,0
SPY,2024-10-23,v1.0,2026-05-18T01:54:56.147443+00:00,4.963202142857134,23.0,2.0,0.8496684261772484,-0.8496684261772484,-1.0,0.0,0.0,-0.0091793203440959,10.0,-14736544932.963097,-33502094667.54499,-0.1066492156839157,-0.0578047087863877,-0.2220474264684643,-0.0186494674869792,-1.7582869769107383,-19226605697.231728,8992.0,-0.0035314428392516,0.0032931201524879,-0.0075312060284759,0.0234978890836368,1.3046888388488636,0.0743342907862331,0.085388319609787,0.038316467721807,0.1491767242439894,0.5094786976246722,0.4397036422409998,0.2143,0.42,1.1360930036929369,0.0014727556839293,-0.0091373189959621,0.0117102163395397,-0.0112899996647558,-0.0074016998231173,571.1633179999999,565.9505877142857,572.123108,554.77821406,578.6600000000001,0.0,0.0,1.0,0.0,0.2162667174172563,43407185.71428572,38349580.0,0.0035314428392516,0,-0.0021526806687937,0.004308516516422399,16.385103939999908,6.172520285714313,1,0.4487319039605064,0.2568528391239457,0
SPY,2024-10-24,v1.0,2026-05-18T01:54:56.147446+00:00,4.819359428571423,24.0,3.0,0.854073587830289,-0.854073587830289,-1.0,0.0,0.0,0.0021604981941669,10.0,-17719926718.545677,-34916062202.09415,-0.0674681258135553,-0.0422053471157709,-0.1770987716355319,-0.0196691028265843,-2.175351978483389,-18124438236.54483,8990.0,0.0034431166901983,0.0046990389262495,-0.0043212839497522,0.0243636900632748,1.0228280581756464,0.0849664109663871,0.0919089829755862,0.0677049918269636,0.1501301605350798,0.5035930533013061,0.3622772805462706,0.1794,0.5347,0.8089154502653997,0.005398174059515,0.0021628337520772,0.016139314407769,-0.0075217320579523,-0.0053401995611468,571.4688477000001,566.3809727619047,571.512085,555.5081896400001,579.94,0.0,0.0,1.0,0.0,-0.0345280022097999,43242961.9047619,38466820.0,0.0034431166901983,0,-0.0096845658100295,0.010799114846622201,15.960658060000014,5.131112238095284,1,0.7366525258844703,0.45097525424540486,0
SPY,2024-10-25,v1.0,2026-05-18T01:54:56.147447+00:00,4.821470285714278,25.0,4.0,0.8398639087074209,-0.8398639087074209,-1.0,0.0,0.0,-0.0003456490802802,10.0,-14571805445.72348,-30034773813.750336,-0.0205543901407952,0.1398006556435521,0.0516734704860963,-0.0955708414021283,-0.4071733364186847,-16085366171.480885,8870.0,0.0039186727132199,0.0037930287467597,-0.0027625924094026,0.0230088179522593,1.1038691280497162,0.0848058433429296,0.09151916357418,0.0713175871291437,0.1469175699870113,0.2895763514745844,0.4501436270791814,0.3853,0.0691,1.0943710624426153,-0.000931859931525,-0.0003455893505189,0.0117768176853067,-0.007337419958796,-0.0094940109654572,571.4157898000001,566.6962687619047,570.4216064,556.0516723,578.71,0.0,0.0,1.0,0.0,0.3091323570047108,43192114.28571428,40437100.0,0.0039186727132199,0,-0.0069918306082771,0.0022828067198495013,15.364117500000134,3.7253376380953114,1,0.7792638891274287,0.485425822664985,0
SPY,2024-10-28,v1.0,2026-05-18T01:54:56.147449+00:00,4.6593857142857065,28.0,0.0,0.8450783624361766,-0.8450783624361766,-1.0,1.0,0.0,0.0030868719040332,10.0,-16091340504.458937,-31775789707.44471,-0.1094477800148426,-0.0579666723808425,0.0515282694181098,-0.0712331423827864,-0.98383611816657,-16630250441.23367,9018.0,0.0061138857315987,0.0061189885533905,0.001286161565057,0.0251495470114202,1.0334906800726391,0.0797975510398883,0.090870582592319,0.0610006090981979,0.1435736631499629,0.3109810444384009,0.4876462190974119,0.3287,2.0086,0.7079241369926005,-0.0059725967134379,0.0030916411992477,0.0163790962560493,0.0049137541053009,-0.0047973956772146,571.0729431,567.1341436666667,569.8714841999999,556.6060412,581.0699999999999,0.0,0.0,0.0,0.0,0.1618373706592188,42624200.0,39184240.0,0.0061138857315987,0,0.0018221129060532002,0.0115817005788347,14.466901899999925,2.737340533333281,1,0.6712909793806504,0.4248732219484465,0
SPY,2024-10-30,v1.0,2026-05-18T01:54:56.147451+00:00,4.677626714285712,30.0,2.0,0.8418046490125052,-0.8418046490125052,-1.0,1.0,0.0,-0.0030298167619383,10.0,-14839128819.115826,-31715563661.861137,0.0356709824922815,-0.0090116952142071,-0.0559614618220068,0.0533259494193521,-0.9339409404264644,-17794153506.7073,9408.0,-0.0008251041744543,0.0030933155984937,-0.0002895390621884,0.0220105828262016,1.199137343142732,0.0586620831951737,0.0903020459943887,0.0709129605079719,0.1217166028496832,1.01416173430737,0.8565349525851245,1.699,1.554,1.031942292469025,-0.0039325933892643,-0.0030252314991372,0.0200311307768473,0.0016754348196217,0.0034949751911068,571.0434813999999,568.0416957619047,569.9638548,557.5273265999999,579.17,1.0,1.0,1.0,0.0,-1.9603110291201888,40153214.28571428,39351660.0,0.0008251041744543,0,0.0047006663187589,0.0235261059679541,13.516154799999981,1.9221590380952875,1,0.7852862232990396,0.5826070808883544,0
SPY,2024-10-31,v1.0,2026-05-18T01:54:56.147452+00:00,5.1793498571428485,31.0,3.0,0.8294554622433048,-0.8294554622433048,-1.0,1.0,0.0,-0.019797856606276,10.0,-10267212918.696386,-28248126847.71765,0.1750575424964085,0.1093291877487007,0.1110173151385303,0.1909704283313075,0.4061669361161291,-18341540007.07698,9506.0,-0.007672367483353,-0.0165526711738474,-0.0162924886050331,0.0016323297488463,1.7864185882107704,0.0564713542911787,0.0847225738440912,0.0345437103753691,0.1212229546768032,1.055000909952214,0.925761263501558,0.411,1.4245,1.4605677646491595,-0.0235424314903619,-0.0196031659791339,-0.000386736866275,-0.0209873308887781,-0.0182999573534429,569.6966246999999,568.031404047619,567.8811644,557.71858636,569.3299999999999,0.0,0.0,1.0,0.0,0.4220596510973511,41204866.666666664,44392180.0,0.007672367483353,0,-0.0013841649096442005,-0.0186866942197179,11.978038339999898,-0.15023964761905972,0,0.40772730018406167,0.2849601184682069,0
SPY,2024-11-01,v1.0,2026-05-18T01:54:56.147454+00:00,5.264952285714279,1.0,4.0,0.8332407088639124,-0.8332407088639124,-1.0,0.0,1.0,0.0042115695509927,11.0,-11904373584.257484,-27474095859.53655,-0.0021656398762381,0.027401143883055,0.1259280669495175,0.0852571079806658,0.7513749233620601,-16245098266.19964,9744.0,0.0047129063394953,-0.0126638992120331,-0.0093989359541872,0.0052745886707161,1.364632767211069,0.1080505298267278,0.1100178442305119,0.1318967184426289,0.1278222888240232,1.0777590268701065,0.858733461558359,0.2624,3.3796,1.1021628891173112,-0.0231787684458823,0.0042204506734789,0.0056706259691405,-0.0184438944348733,-0.0138159260336867,568.3654723,568.182033,566.3093382,558.04318474,572.24,0.0,0.0,0.0,0.0,-0.2153964695993307,41434438.0952381,44072040.0,0.0047129063394953,0,-0.022664345108352198,-0.0081453000645462,10.32228755999995,-1.8726948000000903,0,1.1988664873091954,1.0318756559386801,0
SPY,2024-11-04,v1.0,2026-05-18T01:54:56.147455+00:00,5.1421487142857085,4.0,0.0,0.8329812086572912,-0.8329812086572912,-1.0,0.0,0.0,-0.0021561209584341,11.0,-11310784052.159292,-27215392028.376133,0.0825080920992393,0.0094162818854188,0.1418915861456559,0.1435179965960099,0.8564301775501637,-16693037489.686005,9512.0,0.0002453249184637,-0.0145332258965905,-0.0077387089251991,0.002777585972687,1.4758514894022052,0.1086039718351882,0.1107176947358048,0.1406136389573696,0.1201794520550575,0.7707185629873797,1.1173367003728112,1.2751,4.5286,0.9273815344121932,-0.0236793260815173,-0.0021537981993236,-0.0055322734685932,-0.0175859382427511,-0.0189729511581728,567.0078062,568.0337437142857,564.1441282,558.22785514,570.13,1.0,1.0,0.0,0.0,1.2091749881539635,41209576.190476194,45680500.0,0.0002453249184637,0,-0.0154321400434275,-0.024505224626766,8.77995106000003,-3.889615514285765,0,1.2700194543673269,1.170030523958833,0
SPY,2024-11-05,v1.0,2026-05-18T01:54:56.147457+00:00,5.356869285714278,5.0,1.0,0.8338321131426478,-0.8338321131426478,-1.0,0.0,0.0,0.0120191877933557,11.0,-13713912649.123156,-28196009109.29071,0.1097311526110252,-0.0360317088172802,0.0018449980314766,0.1029608285394372,0.4861754523104817,-15180357177.574636,9898.0,0.0016320440928211,-0.0033477619107639,0.0060358640367255,0.0142736848956572,1.1069311556789916,0.1085479452074388,0.1064560538445936,0.1333366075704633,0.1202016857137746,1.311417776047485,1.532867459371488,2.3466,3.5987,0.9697392032210934,-0.0113487699118498,0.0120917084863268,0.0156745945349222,0.0141741504070625,-0.0087148406798848,566.3574644,568.4500935714286,563.1479734000001,558.57414664,577.5,1.0,1.0,1.0,0.0,2.486561470435221,40710223.809523806,44996220.0,0.0016320440928211,0,0.0020824419207357003,0.006959753855037401,7.783317760000045,-5.302120171428555,0,1.252503640986674,1.1092739314424125,0
SPY,2024-11-06,v1.0,2026-05-18T01:54:56.147458+00:00,6.147695428571418,6.0,2.0,0.8472915951259888,-0.8472915951259888,-1.0,0.0,0.0,0.0245614690812619,11.0,-18184210934.875862,-28770259442.170364,0.1412399813304381,-0.0203663692494139,-0.047177661068832,0.0928662107693386,0.2711862054385831,-10942949792.074093,10104.0,0.0216750785774974,0.0199346474933188,0.0270989717748297,0.0383547423459504,0.601783043062176,0.1285879574422131,0.1093439818353541,0.1668951925755192,0.1221980124168742,0.772836064979716,0.9777322931150428,0.8461,1.2657,1.6166029504413468,0.0225782466205488,0.0248655867170702,0.031177534445543,0.0350239182971763,0.0190168081567202,567.6394896,569.286065952381,565.3151244000001,559.18710564,591.24,1.0,1.0,1.0,0.0,0.7732133188955147,42176095.23809524,50345460.0,0.0216750785774974,1,0.010158331580106098,0.0501943426022632,8.45238396000002,-3.970941552380964,0,1.5263316234770674,1.36577654265273,0
SPY,2024-11-07,v1.0,2026-05-18T01:54:56.147460+00:00,6.328040142857129,7.0,3.0,0.8500357168580452,-0.8500357168580452,-1.0,0.0,0.0,0.0077025302928114,11.0,-19349185301.576942,-29011957422.57799,0.1690942336321662,-0.0084009663136146,-0.0660128427446009,-0.0270400433620983,0.1845475789849656,-10116346618.907145,9970.0,0.00345173377315,0.0262634314312095,0.0254288016348609,0.0449510255602425,0.5228306236791618,0.1693690423328526,0.133160168045955,0.2345016793775153,0.1274747148577922,1.0299313585542154,0.9826786031047996,0.3742,0.2181,1.108241501018414,0.0282611409326234,0.0077322710900255,0.0320027516206945,0.0452783223866589,0.0474290478388314,569.2476684000001,570.1501087142857,570.6141724,559.9537133199999,596.33,0.0,0.0,0.0,0.0,0.4331693557865114,42619952.38095238,47755600.0,0.00345173377315,0,0.0375460512966334,0.0794317994595259,9.29395508000016,0.4640636857143363,1,1.7610496082138478,1.839593532279594,0
SPY,2024-11-08,v1.0,2026-05-18T01:54:56.147462+00:00,6.312596714285705,8.0,4.0,0.8599663077510824,-0.8599663077510824,-1.0,0.0,0.0,0.0043221775316217,11.0,-18248301507.313774,-28092781375.256905,0.064658134285811,0.0316826622186394,0.0036610760634132,-0.0225188671861463,0.5591958460645856,-10257450564.8401,10312.0,0.0009400192188596,0.0288464977284601,0.0203318617760503,0.0479495320353391,0.562104399728873,0.1713543048459108,0.1335791768295793,0.1419837768971402,0.1280576225094285,0.4041612425752843,0.8971857628161516,0.0418,0.0986,1.0869440062906917,0.0330721052886313,0.0043315316127401,0.0382898623619213,0.0372636883413133,0.0475449082580903,571.1289611,571.1820881904763,575.948584,560.77003046,598.21,0.0,0.0,0.0,0.0,0.0952874504755907,42729800.0,47911080.0,0.0009400192188596,0,0.0329321567285732,0.0858347706200116,10.358930639999926,4.76649580952369,1,1.0629184101733118,1.108749038341673,0
SPY,2024-11-12,v1.0,2026-05-18T01:54:56.147464+00:00,5.966652142857145,12.0,1.0,0.872016113924714,-0.872016113924714,-1.0,0.0,0.0,-0.0031111793914991,11.0,-19315589768.829178,-33228102922.0268,-0.0571322274314245,-0.0982548554398185,-0.1453244066933475,-0.178468300007677,-1.5426826089766297,-14687798033.303043,10064.0,-0.0001335863709695,0.0239643843494528,0.0013421136925884,0.0426462455521374,0.7604115747480669,0.1709993244903832,0.1325717255166922,0.1300253232717813,0.1241661861270396,0.1425457938114304,0.4025222018721462,0.0569,1.8768,1.0041076966779643,0.0260068647015601,-0.0031063446880723,0.0215293949929677,0.0021658170775355,0.0350269597552124,574.3767516,572.6678466190476,585.6055297999999,562.4069347600001,597.61,0.0,0.0,0.0,0.0,0.0485843524878668,42830166.666666664,48490600.0,0.0001335863709695,0,0.0052721617656078,0.056556354748180104,11.969816839999908,12.937683180952263,1,0.980792193486897,1.0471877799876141,0
SPY,2024-11-13,v1.0,2026-05-18T01:54:56.147466+00:00,6.021383357142862,13.0,2.0,0.8792463110219434,-0.8792463110219434,-1.0,0.0,0.0,0.0004856530938287,11.0,-21165327327.77665,-35883941618.4157,-0.1314300449141049,-0.079927484955163,-0.2773367342694293,-0.2472581865500444,-2.719949655953475,-15498740054.026194,9898.0,0.000787315328639,0.0230068674195751,-0.0002343986821522,0.0414091327604242,0.7322702745865962,0.1734559246911618,0.1313077706660993,0.1514019326670106,0.123321445596198,0.4995249977061515,0.4813219431939513,0.9069,1.608,1.1148778565534996,0.0296201083095243,0.0004857710423858,0.0300286733312579,-0.0016716505942051,0.0104054222343831,576.0645019,573.4822997619048,586.8138794,563.34855586,597.7900000000001,1.0,1.0,0.0,0.0,-0.6430114368961355,42505642.85714286,44331920.0,0.000787315328639,0,-0.0021574216365909003,0.040434095565640996,12.715946039999949,13.331579638095263,1,1.1530309315942857,1.2277014728301532,0
SPY,2024-11-19,v1.0,2026-05-18T01:54:56.147467+00:00,6.5301013571428665,19.0,1.0,0.8502178971704673,-0.8502178971704673,-1.0,0.0,0.0,0.0036489239736313,11.0,-17589023738.555813,-31618180640.17317,-0.1213707768932035,-0.0002431512558895,0.1433233924803671,0.0484506228246457,-0.595924505008833,-15017224674.499784,9196.0,-0.0058487322411012,0.0091724044450132,-0.0010965093980292,0.0230052429324472,0.8537838653080814,0.155596357137418,0.1380008308818404,0.092700719471418,0.1245709526299507,0.2291700460356842,0.6976365980938796,0.0102,0.8431,1.0866032595207584,0.0235825000083223,0.0036555894014613,0.0114285416888336,-0.0051402586955619,-0.0110571610130781,583.074878,574.6368523809525,580.5442261999999,566.8667467800001,590.7,0.0,0.0,0.0,0.0,0.0338810774182696,45473819.047619045,49739040.0,0.0058487322411012,0,-0.0087958480970232,0.00037138067575549945,16.208131219999927,5.907373819047393,1,0.6717402508495623,0.7441599351431029,0
SPY,2024-11-20,v1.0,2026-05-18T01:54:56.147469+00:00,6.150470928571435,20.0,2.0,0.8477011191340915,-0.8477011191340915,-1.0,0.0,0.0,0.000338741390848,11.0,-17752856396.261574,-32243665250.82937,-0.1207290401965516,-0.0197824352316299,-0.1772750779645098,0.1014458335234314,-0.8321700570382911,-15327897831.499231,9384.0,0.0001355198529591,0.0089245718319785,0.0015094886733044,0.022013698155936,0.8634045975118126,0.1485435994864071,0.1382709719393671,0.1036946838331471,0.1245252928499981,0.2648335766728437,0.6340825395798254,0.4824,1.2408,1.0822885066836698,-0.000913581477113,0.0003387987701917,0.0123089505993184,0.0081092734160309,-0.0112024376180263,583.0218323,574.9727404761906,579.2297851999999,567.6089538199999,590.73,1.0,1.0,1.0,0.0,0.5368331922099846,46228523.809523806,50267840.0,0.0001355198529591,0,0.007770474645839199,0.0011065129812921001,15.412878480000131,4.257044723809372,1,0.7499381459416989,0.8327197883474065,0
SPY,2024-11-21,v1.0,2026-05-18T01:54:56.147471+00:00,6.203804857142862,21.0,3.0,0.856650910260145,-0.856650910260145,-1.0,0.0,0.0,0.0053539832257977,11.0,-20998232260.078945,-34818232579.0518,-0.2001338645270171,-0.0798472291594148,-0.101476997439297,0.0566198066515856,-1.877962201677216,-14541466625.888502,9254.0,0.0049111717574649,0.0130484234169818,0.006776642700089,0.0262111221412306,0.6925090858021509,0.0907347679936362,0.1382212657170847,0.1035052412175956,0.1245267471258005,0.2433895300404907,0.1878416274418439,0.3487,1.2854,1.0139652090552012,-0.003257229793605,0.0053683414070392,0.0271285720683932,0.0093854179760436,0.0005393547431748,582.8312439,575.706263904762,579.2926636,568.3219665199999,593.6,0.0,0.0,0.0,0.0,0.3099364967069301,46106414.28571428,51837080.0,0.0049111717574649,0,0.0040170765690044005,0.027667926811568003,14.509277380000071,3.586399695238015,1,0.7488372588128409,0.8311887630144552,0
SPY,2024-11-25,v1.0,2026-05-18T01:54:56.147472+00:00,6.001714428571437,25.0,0.0,0.8638710632769148,-0.8638710632769148,-1.0,0.0,0.0,0.0033862039466216,11.0,-21463899709.41907,-33681729435.248283,-0.1132481134621258,-0.0372559854602829,-0.0445998980957019,-0.0655236483548814,-1.309405912154041,-12799408012.781498,9564.0,0.0067336005647886,0.0167632252338427,0.0067867613351026,0.0303319058304849,0.5963225781922887,0.0847462619224761,0.134699367328894,0.0263479387895694,0.1241176781641053,0.0910285852539245,0.2043877369119793,0.5267,0.0,0.9220145276326266,-0.0020542937900431,0.0033919436119362,0.031932295447312,0.0119050851225975,0.0159482800791977,582.4471314,577.3323625714286,583.0532716,569.7293383599999,598.38,1.0,1.0,0.0,0.0,0.5221495155054984,46031161.9047619,45372540.0,0.0067336005647886,0,0.0085131415106613,0.0478805755265097,12.71779304000006,5.720909028571441,1,0.19560549805093697,0.21228190098685062,0
SPY,2024-11-26,v1.0,2026-05-18T01:54:56.147474+00:00,5.199662714285727,26.0,1.0,0.8699186635880647,-0.8699186635880647,-1.0,0.0,0.0,0.0052079993621417,11.0,-24251461674.26184,-35787176158.39077,-0.0770153277293351,-0.0625100539207798,-0.0278286261986177,-0.1318543772540977,-2.1304896832882965,-12277301926.543346,9896.0,0.0021254447632662,0.0204335328337781,0.0085262736334992,0.034309990238448,0.5062499774837609,0.0865342114142812,0.134736703702986,0.0256631981673807,0.1230017009894094,0.5059052381622448,0.3840090142171152,0.4042,0.2029,0.9755079161919192,0.0062824241687181,0.0052215845644892,0.0341234784417578,0.011757374090594,0.0175334554215074,582.8155273999998,578.2595534285714,585.0868286000001,570.50153684,601.35,0.0,0.0,0.0,0.0,-0.3030050778323377,46766714.28571428,44614400.0,0.0021254447632662,0,0.0065357895261048005,0.0516569338632652,12.313990559999866,6.82727517142871,1,0.19046923041297217,0.20864098524280153,0
SPY,2024-12-02,v1.0,2026-05-18T01:54:56.147475+00:00,4.998261857142869,2.0,0.0,0.868696143804774,-0.868696143804774,-1.0,0.0,1.0,0.0017908602344881,12.0,-20706560363.136627,-31486265491.102013,-0.1496210301307144,-0.0329009509581821,0.1201802189771363,0.0303550949418054,-0.2082968813196762,-11288902679.584782,9836.0,0.0006970633494355,0.0193451346071529,0.0049813595436236,0.035595159419135,0.5451848342558203,0.08652008984195,0.1361186933741023,0.0510159381007516,0.1149618221336424,0.0,0.0,0.0198,0.3027,0.7141524227038137,0.0305249111361733,0.0017924647823752,0.0615327257098717,0.0049612147981641,0.0136352757281155,585.6369569,581.7489188571428,590.063611,572.6204150399999,604.55,0.0,0.0,0.0,0.0,0.046386031178035,44452695.23809524,36797260.0,0.0006970633494355,0,0.0031687500157889003,0.0751680014379872,13.016541860000075,8.314692142857211,1,0.37479006805216014,0.4437641359216153,0
SPY,2024-12-03,v1.0,2026-05-18T01:54:56.147477+00:00,4.7807290714285715,3.0,1.0,0.8762386529459861,-0.8762386529459861,-1.0,0.0,1.0,0.0004637771618774,12.0,-22314254697.81975,-34953015556.24862,-0.1057408654771594,-0.1101035645566257,0.1009749768698056,-0.0377440868481628,-1.528037426294875,-13483975778.53814,9722.0,-0.0003975005654694,0.0171295058417084,0.0033160952573147,0.0348597493271767,0.604276322966575,0.0411930464575495,0.1125004089870984,0.0515238122168571,0.1083763378394216,0.2375924311364546,0.0,0.4813,0.5243,0.6177001979894522,0.0267958902017768,0.0004638847231328,0.0575617672515915,0.0084831637653289,0.010677325150581,587.1852113,583.2866037142858,591.317151,573.29315918,604.69,1.0,1.0,0.0,0.0,0.6209534533291385,43559319.047619045,33690300.0,0.0003975005654694,0,0.0080192790421961,0.06823909240217249,13.892052120000017,8.030547285714192,1,0.4579877362302613,0.47541565336007247,0
SPY,2024-12-06,v1.0,2026-05-18T01:54:56.147479+00:00,4.055866000000004,6.0,4.0,0.8852487881035684,-0.8852487881035684,-1.0,0.0,0.0,0.0018938427285996,12.0,-23438028889.81124,-36677984896.29756,-0.0534131740611287,0.0720043973434581,-0.0493510878130961,-0.2032143186152634,-1.8634089155657791,-13875099164.89216,10150.0,0.0012857488082312,0.0168005397643933,0.0030960200876286,0.0376844350758991,0.5919908721899311,0.0491731152048562,0.1082634751584521,0.0497223090881091,0.1057385893230733,0.3764010139908376,0.3831592293029113,0.5084,0.1152,0.7526693043168108,0.023817823364236,0.0018956371813648,0.0283736647494867,0.0064578475910658,0.0087296051245029,591.8672852,587.2433094285714,595.2663574000001,575.4247571000001,607.83,1.0,1.0,0.0,0.0,-0.514963557690725,41507604.76190476,32288780.0,0.0012857488082312,0,0.004562210409700999,0.037103269873989604,16.44252809999989,8.023047971428696,1,0.4592712770638836,0.4702380153172614,0
SPY,2024-12-12,v1.0,2026-05-18T01:54:56.147481+00:00,3.439761785714292,12.0,3.0,0.8981864875489233,-0.8981864875489233,-1.0,0.0,0.0,-0.0051658110516111,12.0,-24940193588.714035,-44494838699.69359,-0.1444498494498299,-0.0066477169200982,-0.1648656239836515,-0.1257710795991923,-3.421234147835406,-20169082527.98292,9922.0,-0.0014485438512352,0.008583942343195,-0.0017937283459668,0.0269548252048292,0.8086979139211598,0.0670771159960648,0.0779262506323537,0.0716755276898004,0.1065303485754958,0.5610139837829333,0.4622661495286034,0.091,0.053,0.7984930822237657,0.0091846218395442,-0.0051524911955241,0.012447648476147,-0.0005787727963302,-0.0038405327640494,594.4951905,588.6378407142857,594.7575073999999,578.10787722,604.44,0.0,0.0,1.0,0.0,-0.0198567008091613,39504161.9047619,32688040.0,0.0014485438512352,0,0.0045737183991939,0.008607115712097602,16.387313280000058,6.119666685714151,1,0.9197865662765026,0.6728178581977219,0
SPY,2024-12-13,v1.0,2026-05-18T01:54:56.147482+00:00,3.532388071428581,13.0,4.0,0.8946944109883818,-0.8946944109883818,-1.0,0.0,0.0,-0.0001987444465442,12.0,-22659848309.093903,-39302384256.64832,-0.2893072404883385,0.1166979046286782,0.0587009094292191,-0.0715524412742664,-1.77406851568876,-17330843946.878525,9810.0,0.0034251270721495,0.00782125322464,-0.0008037876487604,0.0254824599606438,0.7648261237443178,0.0710590832021448,0.0794231412155836,0.0787239024382363,0.1069938001578508,0.4562103791015692,0.4646332069493106,0.4373,3.1339,0.921642188305025,0.0027549967552134,-0.000198724698175,0.0117549688569248,0.0023390089411216,-0.0059229037582891,594.6582703,588.966238904762,594.0501832,578.8228625799999,603.73,0.0,0.0,0.0,0.0,0.4270038562751241,38957309.52380952,33620680.0,0.0034251270721495,0,0.0025377336392966,0.005832065098635699,15.835407720000148,5.083944295237984,1,0.9911959074067803,0.7357799700944648,0
SPY,2024-12-16,v1.0,2026-05-18T01:54:56.147484+00:00,3.385738142857154,16.0,0.0,0.9004707737814749,-0.9004707737814749,-1.0,0.0,0.0,0.0042609959817617,12.0,-26169586982.70662,-42377796213.569244,-0.3459137040416929,-0.0782500098935013,0.0412480851000716,-0.1094418919583881,-2.4757231526009273,-16765744002.30684,9760.0,0.0029626312341158,0.0110454287452275,0.0027630802507627,0.0286807744894428,0.6406575699259592,0.0653875817008886,0.0794675245027687,0.0762378292816457,0.1020235566583927,0.422282326569951,0.4944532910194864,0.3975,3.3891,1.115087156970042,0.0052349994290922,0.0042700869327222,0.0226510206876612,-0.0011029508185226,0.0034893849639049,594.9687072999999,589.5949707619048,594.4647462,579.4871594599999,606.53,0.0,0.0,1.0,0.0,-0.4120041530018623,39185457.14285714,35411180.0,0.0029626312341158,0,-0.0053730377512448,0.026140405651566098,15.481547839999962,4.869775438095189,1,0.9593581801507826,0.7472570483338832,0
SPY,2024-12-17,v1.0,2026-05-18T01:54:56.147486+00:00,3.3927499285714395,17.0,1.0,0.8939445506111556,-0.8939445506111556,-1.0,0.0,0.0,-0.0041285643594542,12.0,-23217346512.3104,-41218718989.37164,-0.1792607399793547,0.0273510500252598,0.0736292074780463,0.0128043518727516,-2.0547895076685196,-18633306533.87011,9656.0,-0.0042848141601352,0.0054008915597727,-0.0018598995538983,0.0231766621034099,0.802559694924236,0.067842620779385,0.0763214167423029,0.0749485577168165,0.1020782143711562,1.8888475119324295,1.4058475084446398,3.1708,2.1873,1.459167440844681,0.0006292007972012,-0.0041200535541169,0.0316516637810258,-6.631062559013291e-05,0.0024717591121438,595.0060363999999,590.4622832380952,594.7574952000001,580.2041113600001,604.0500000000001,1.0,1.0,0.0,1.0,-2.980357113306524,38222823.809523806,39118980.0,0.0042848141601352,0,0.0040537429285267676,0.0341234228931696,14.801925039999787,4.295211961904897,1,0.9820120104656604,0.7342266989706219,0
SPY,2024-12-18,v1.0,2026-05-18T01:54:56.147487+00:00,4.5821502142857184,18.0,2.0,0.8462892734393411,-0.8462892734393411,-1.0,0.0,0.0,-0.0302566234250518,12.0,-12020232258.65934,-31755237377.43136,0.0989192523306995,0.2295918418614724,0.1920277108364056,0.2815720173300194,0.2430511753540947,-19931316644.650352,9476.0,-0.0005129795840118,-0.0244190134861762,-0.0247845305040708,-0.0077580688352493,1.6581473814943877,0.0713753484361437,0.0613764633916621,0.0777721807417498,0.1025825347520174,1.7886360343382692,1.4647244085492677,0.1727,1.7237,2.6011606470705826,-0.0351840500393681,-0.0298034735562427,-0.0031793880225828,-0.0296749803481946,-0.0348664054731728,592.9056823999999,590.3748053333334,590.5960815999999,580.4616968,585.3,0.0,0.0,1.0,0.0,-0.0307020536262451,41615538.0952381,55033180.0,0.0005129795840118,0,0.00012849320804809994,-0.038045793495755605,12.443985599999905,0.22127626666656397,1,1.2671334217178243,0.7581424396300164,1
SPY,2024-12-19,v1.0,2026-05-18T01:54:56.147489+00:00,4.766709142857143,19.0,3.0,0.8607579353292052,-0.8607579353292052,-1.0,0.0,0.0,-0.0003071526610629,12.0,-12773968176.766544,-33776765863.024364,0.1454086073302713,-0.0636596874262297,0.2029607747226566,0.2408835080627684,-0.2232996537403863,-21364487379.653515,9324.0,0.008664732898651,-0.0243939311775144,-0.0191353151149985,-0.0083635395549981,1.672502004389796,0.1548111263248945,0.1228864082572116,0.1912201939848694,0.120542878788601,2.149642343119741,1.6004094985346722,0.8416,2.6374,1.981812955538338,-0.0338904210695295,-0.0003071054945136,-0.0071150966391624,-0.0340974603062233,-0.0301657408214566,590.8858826,590.1783244285714,587.0142578,580.63774172,585.91,1.0,1.0,1.0,1.0,0.8616277085821454,43353990.47619048,65908320.0,0.008664732898651,0,-0.0337903548117097,-0.037280837460619,10.248140879999937,-3.1640666285713905,0,1.5560726457551188,1.586324966213618,0
SPY,2024-12-20,v1.0,2026-05-18T01:54:56.147491+00:00,5.68173528571428,20.0,4.0,0.8550417993889433,-0.8550417993889433,-1.0,0.0,0.0,0.0119394382140283,12.0,-13174965569.056444,-31471116906.016403,0.1419616700591084,0.068261389096816,0.2364848380142208,0.1992568007959261,0.3209698698572413,-18727343820.58651,9348.0,-0.0040469705563945,-0.0128824631601264,-0.0036623853207545,0.0029697155190304,1.421433985722948,0.1553636325023603,0.1221437058570886,0.1961202470944174,0.1204299372030122,0.3526427512369956,1.639690926058933,0.7008,0.0,2.6772160813630905,-0.024136364417856,0.012010997816698,0.004470128523099,-0.018451976588425,-0.0183219799836714,589.4446778,590.3018072857143,584.8391724,580.9719446,590.73,1.0,1.0,0.0,0.0,0.5988327835574858,46957995.23809524,83870720.0,0.0040469705563945,0,-0.030462974405123,-0.0138518514605724,8.472733199999993,-5.4626348857142375,0,1.6056515533216895,1.6285006482964897,1
SPY,2024-12-23,v1.0,2026-05-18T01:54:56.147493+00:00,6.091939928571435,23.0,0.0,0.8657172765510708,-0.8657172765510708,-1.0,0.0,0.0,0.005970359441236,12.0,-16591253031.275372,-34798525442.70101,0.0889818406330792,-0.1057289624204122,-0.0958357838456133,0.1788500452612345,-0.4565034209136534,-18903079131.284485,9104.0,-0.0004399093919895,-0.0072091089982979,0.0057159235712056,0.0083921661598371,1.1393400544040406,0.1706782102274608,0.1290196814116136,0.2272793600598282,0.1224778073541668,0.1876611929337844,1.7609725247714685,1.0725,1.0355,1.2139896413592972,-0.013211187562621,0.0059882175592703,0.0050894508676127,0.0177584846031468,-0.0166425004357436,588.6598877,590.443153047619,582.8550292,581.30814942,594.92,1.0,1.0,0.0,0.0,1.1115034723973665,47476352.38095238,86658840.0,0.0004399093919895,0,0.0117702670438765,-0.0115530495681309,7.351738280000063,-7.588123847619045,0,1.7615866041311106,1.855677746139195,0
SPY,2024-12-24,v1.0,2026-05-18T01:54:56.147495+00:00,6.279464928571429,24.0,1.0,0.8846115264283513,-0.8846115264283513,-1.0,0.0,0.0,0.0110536454153955,12.0,-23753790220.383633,-39865226250.57282,0.045220743606288,-0.1456010202562922,-0.1802558721056693,0.0328368462675373,-1.6171668352418072,-16990358839.188324,9098.0,0.0023036675298593,0.0032046669398408,0.0172257640608199,0.0189459238674591,0.715269381498896,0.1744023930185232,0.1293308930029374,0.2305323202873194,0.1228847203971323,0.0,0.0,0.0,1.0212,0.702022436704908,0.0008687534725169,0.0111149626720218,0.0131209327230858,0.0293869625608274,-0.0015990531653945,588.7113342,590.808680952381,582.6651732,581.6815319799999,601.26,0.0,0.0,0.0,0.0,0.0066522534508693,47235100.0,82136160.0,0.0023036675298593,0,0.018271999888805603,0.0115218795576913,7.029802220000079,-8.14350775238097,0,1.7824998893117099,1.8760046064494538,0
SPY,2024-12-26,v1.0,2026-05-18T01:54:56.147497+00:00,6.436281785714284,26.0,3.0,0.8859405230916144,-0.8859405230916144,-1.0,0.0,0.0,6.672776320110981e-05,12.0,-22796425534.647415,-40613959389.84009,0.0811529901073749,-0.0187816101822953,-0.2905153481246745,-0.2789688487324827,-1.7296175256429989,-18532233230.879948,9144.0,-0.0029933523459898,0.002808375044335,0.0114667669046664,0.0182028042306574,0.8129446962074609,0.1835610547841825,0.134146876115933,0.2475022459634501,0.1245010423951473,0.0,0.0,0.985,2.4458,0.873713706507665,-0.0067428931125731,6.672998954783456e-05,0.0097634774952804,0.0172376147719903,0.0291395020545189,588.3089416,591.0815981904761,586.0218016000001,582.14490722,601.16,1.0,1.0,1.0,0.0,-1.0526490837130476,47176895.23809524,68730240.0,0.0029933523459898,0,0.017170884782442466,0.0389029795497993,6.1640343799999755,-5.059796590476026,0,1.845009251646383,1.9879530429824468,0
SPY,2024-12-27,v1.0,2026-05-18T01:54:56.147499+00:00,7.012073428571431,27.0,4.0,0.8699475271143313,-0.8699475271143313,-1.0,0.0,0.0,-0.0105822047759603,12.0,-15021036866.259556,-33481420118.49079,0.2475212609609626,0.175617924932814,0.0378494579139267,0.0087440504437664,-0.041123600390541,-18950871853.955013,9616.0,-0.0063191922843636,-0.0074618709328264,-0.0028287626835354,0.0069847492330556,1.2616220852584883,0.1791281349025763,0.1337946102533825,0.0826313177946733,0.1228449848130248,0.0,0.0,1.1947,0.0,1.3507628436568495,-0.0121082211912932,-0.010526410230204,-0.0060556714681358,0.0005383132412322,0.0186191810190931,587.5900878,590.9114409047618,588.1659178,582.4339807,595.13,1.0,1.0,1.0,0.0,-1.1411572914740868,48098228.571428575,64540200.0,0.0063191922843636,0,0.0110647234714362,0.012563509550957301,5.156107099999986,-2.745523104761787,0,0.6175982086438507,0.6726470046292208,0
SPY,2024-12-30,v1.0,2026-05-18T01:54:56.147501+00:00,7.493151357142851,30.0,0.0,0.862303182705983,-0.862303182705983,-1.0,1.0,0.0,-0.011477324436641,12.0,-12584311391.72401,-32890320589.84851,0.1631469384892383,0.0176545536763488,0.1749621491392912,-0.0450954342697889,0.1078446315761476,-20782754395.96439,9534.0,-0.0119662496847239,-0.0181175750408085,-0.0132391170655133,-0.0047702130227827,1.6514812570222976,0.1843305710132103,0.1376669073635436,0.131729813949707,0.1250734373342827,0.4769258467868247,0.0,0.284,0.0,1.1505976808599772,-0.0231876401362688,-0.0114117112098633,-0.0144118876329776,-0.0217527230116134,-0.0049564725433258,586.2137328000001,590.5077107619048,587.5882932,582.5882128799999,588.01,0.0,0.0,0.0,0.0,-0.3638094590459328,49173400.0,50712620.0,0.0119662496847239,0,-0.0103410118017501,-0.0193683601763034,3.6255199200002153,-2.919417561904879,0,0.9568734193549334,1.0532196621848433,0
